config_id,architecture,augmentation,optimizer,seed,lr,weight_decay,batch_size,epoch_budget,epochs_run,best_epoch,best_val_loss,train_time_seconds,num_params,test_loss,test_accuracy,test_macro_f1,precision_per_class,recall_per_class,f1_per_class,confusion_matrix,history,device,gpu
C1,resnet18,crop_flip,sgd,0,0.1,0.0005,128,25,25,24,0.24753844780921935,153.28191876411438,11173962,0.25683762226104734,0.9223,0.9222363252451805,"{""airplane"": 0.9183070866141733, ""automobile"": 0.9613478691774033, ""bird"": 0.8947895791583166, ""cat"": 0.8515463917525773, ""deer"": 0.912109375, ""dog"": 0.8620689655172413, ""frog"": 0.948948948948949, ""horse"": 0.9553299492385787, ""ship"": 0.9616548940464178, ""truck"": 0.9566968781470292}","{""airplane"": 0.933, ""automobile"": 0.97, ""bird"": 0.893, ""cat"": 0.826, ""deer"": 0.934, ""dog"": 0.875, ""frog"": 0.948, ""horse"": 0.941, ""ship"": 0.953, ""truck"": 0.95}","{""airplane"": 0.9255952380952381, ""automobile"": 0.9656545545047287, ""bird"": 0.8938938938938938, ""cat"": 0.8385786802030457, ""deer"": 0.9229249011857708, ""dog"": 0.8684863523573201, ""frog"": 0.9484742371185593, ""horse"": 0.9481108312342569, ""ship"": 0.957307885484681, ""truck"": 0.9533366783743101}","[[933, 5, 23, 6, 4, 3, 2, 1, 15, 8], [4, 970, 0, 2, 1, 0, 0, 1, 4, 18], [19, 0, 893, 22, 24, 14, 16, 9, 2, 1], [10, 2, 23, 826, 21, 84, 21, 6, 3, 4], [3, 1, 15, 13, 934, 12, 8, 12, 2, 0], [3, 0, 13, 75, 18, 875, 4, 11, 0, 1], [7, 2, 17, 12, 4, 4, 948, 3, 3, 0], [4, 0, 9, 7, 16, 21, 0, 941, 0, 2], [23, 6, 3, 3, 1, 2, 0, 0, 953, 9], [10, 23, 2, 4, 1, 0, 0, 1, 9, 950]]","{""train_loss"": [2.0986352538426716, 1.5230193251503839, 1.2681655416064792, 1.0498966432995267, 0.8929207881079779, 0.77092696785397, 0.6625677295896742, 0.57929910364151, 0.5266093572510613, 0.481184531211853, 0.44358839445114134, 0.4058078933291965, 0.3730465586450365, 0.345333643828498, 0.3050738997989231, 0.2770480939653185, 0.2450027277522617, 0.2094671055952708, 0.17523508734173246, 0.14110217544502682, 0.10879342890050676, 0.08668195452690125, 0.0678782956123352, 0.057100215487513276, 0.05147015711201562], ""val_loss"": [1.6370412109375, 1.542347116088867, 1.0996056427001952, 0.9591389328002929, 0.9818504692077636, 0.8828305240631104, 0.6943457260131836, 0.6808855987548829, 0.6391835136413574, 0.5107762046813965, 0.5185894630432129, 0.4425063830375671, 0.5023303647041321, 0.4518962648868561, 0.45197112531661987, 0.3879883188247681, 0.35175133304595946, 0.340813501739502, 0.3185062050819397, 0.29348270270824434, 0.2710775695800781, 0.2541538070678711, 0.2558703642368317, 0.24753844780921935, 0.2508289071083069], ""train_acc"": [0.27524444444444446, 0.43604444444444446, 0.54, 0.6222444444444445, 0.6828666666666666, 0.7303777777777778, 0.7686444444444445, 0.7993555555555556, 0.8176888888888889, 0.8334666666666667, 0.8467777777777777, 0.8592222222222222, 0.8701777777777778, 0.8815777777777778, 0.8957777777777778, 0.9052222222222223, 0.9164444444444444, 0.9271333333333334, 0.9397333333333333, 0.9524444444444444, 0.9636222222222223, 0.9711555555555555, 0.9784222222222222, 0.9820888888888889, 0.9847333333333333], ""val_acc"": [0.3952, 0.4408, 0.6022, 0.6528, 0.6586, 0.7012, 0.7586, 0.7688, 0.7886, 0.8294, 0.8166, 0.8458, 0.8328, 0.845, 0.8508, 0.8664, 0.8828, 0.8862, 0.8936, 0.902, 0.9156, 0.922, 0.9164, 0.9198, 0.919]}",cuda,NVIDIA A100-SXM4-40GB
C1,resnet18,crop_flip,sgd,1,0.1,0.0005,128,25,25,25,0.22927983055114745,153.62778306007385,11173962,0.24637071752548217,0.9257,0.9257639629040358,"{""airplane"": 0.9326065411298315, ""automobile"": 0.9661354581673307, ""bird"": 0.9058704453441295, ""cat"": 0.8321884200196271, ""deer"": 0.9180651530108588, ""dog"": 0.8757575757575757, ""frog"": 0.95, ""horse"": 0.963265306122449, ""ship"": 0.9467980295566503, ""truck"": 0.9684317718940937}","{""airplane"": 0.941, ""automobile"": 0.97, ""bird"": 0.895, ""cat"": 0.848, ""deer"": 0.93, ""dog"": 0.867, ""frog"": 0.95, ""horse"": 0.944, ""ship"": 0.961, ""truck"": 0.951}","{""airplane"": 0.9367844698855152, ""automobile"": 0.9680638722554891, ""bird"": 0.9004024144869215, ""cat"": 0.8400198117880139, ""deer"": 0.9239940387481371, ""dog"": 0.871356783919598, ""frog"": 0.95, ""horse"": 0.9535353535353536, ""ship"": 0.9538461538461539, ""truck"": 0.9596367305751766}","[[941, 3, 17, 5, 5, 0, 1, 0, 24, 4], [4, 970, 0, 0, 1, 0, 0, 0, 5, 20], [13, 0, 895, 23, 19, 14, 24, 7, 4, 1], [5, 1, 20, 848, 23, 73, 14, 11, 5, 0], [3, 1, 15, 20, 930, 14, 6, 10, 1, 0], [3, 0, 16, 84, 18, 867, 3, 8, 1, 0], [4, 1, 14, 21, 7, 2, 950, 0, 1, 0], [6, 0, 8, 11, 9, 20, 1, 944, 0, 1], [24, 4, 2, 3, 1, 0, 0, 0, 961, 5], [6, 24, 1, 4, 0, 0, 1, 0, 13, 951]]","{""train_loss"": [2.0804006422254773, 1.4405421817355686, 1.1106092448764378, 0.8791682466400994, 0.730743820254008, 0.6330511040157742, 0.5691612661997477, 0.5199157973925272, 0.4758115215089586, 0.43687010099622936, 0.40968741162088185, 0.3748921785354614, 0.34545274838341605, 0.3171986950662401, 0.28699376413557265, 0.25672046801779, 0.22389401491483052, 0.1908407975991567, 0.16089815668529933, 0.12541682545344035, 0.09927912503878275, 0.0759899348338445, 0.06196920606825087, 0.04705219457348188, 0.04235155832502577], ""val_loss"": [1.557884375, 1.3936298767089843, 0.9745516784667969, 0.908611686706543, 0.8286063674926758, 0.8292742416381836, 0.7655542604446411, 0.7240321323394775, 0.5610844709396362, 0.7940205426216126, 0.4921772466182709, 0.5149817235946655, 0.48898926858901975, 0.5238246636390687, 0.44281872053146365, 0.374834819984436, 0.3525596299171448, 0.32179469089508056, 0.2987548231124878, 0.2884613592147827, 0.260769410276413, 0.2562275845527649, 0.23747317914962768, 0.2334020013809204, 0.22927983055114745], ""train_acc"": [0.25022222222222223, 0.46555555555555556, 0.5988444444444444, 0.6903777777777778, 0.7457111111111111, 0.7822444444444444, 0.8022666666666667, 0.8227333333333333, 0.8386888888888889, 0.8496444444444444, 0.8587777777777778, 0.8702666666666666, 0.8807111111111111, 0.8914888888888889, 0.9010888888888889, 0.9106, 0.9232222222222223, 0.9332444444444444, 0.9455555555555556, 0.9566888888888889, 0.9667111111111111, 0.9756444444444444, 0.9801555555555556, 0.9861333333333333, 0.9876], ""val_acc"": [0.3964, 0.5034, 0.6554, 0.6712, 0.7168, 0.7238, 0.7456, 0.7634, 0.8088, 0.7486, 0.8308, 0.824, 0.8376, 0.8372, 0.8536, 0.8806, 0.887, 0.8936, 0.9024, 0.909, 0.9194, 0.9242, 0.9262, 0.9288, 0.9318]}",cuda,NVIDIA A100-SXM4-40GB
C1,resnet18,crop_flip,sgd,2,0.1,0.0005,128,25,25,25,0.23585073156356812,153.5469789505005,11173962,0.2389281692504883,0.9267,0.9266975880677665,"{""airplane"": 0.9201557935735151, ""automobile"": 0.9605133267522211, ""bird"": 0.9174406604747162, ""cat"": 0.846307385229541, ""deer"": 0.9194831013916501, ""dog"": 0.8757455268389662, ""frog"": 0.937007874015748, ""horse"": 0.9613428280773143, ""ship"": 0.9628140703517588, ""truck"": 0.9674465920651069}","{""airplane"": 0.945, ""automobile"": 0.973, ""bird"": 0.889, ""cat"": 0.848, ""deer"": 0.925, ""dog"": 0.881, ""frog"": 0.952, ""horse"": 0.945, ""ship"": 0.958, ""truck"": 0.951}","{""airplane"": 0.9324124321657622, ""automobile"": 0.9667163437655241, ""bird"": 0.9029964448958863, ""cat"": 0.8471528471528471, ""deer"": 0.922233300099701, ""dog"": 0.8783649052841476, ""frog"": 0.9444444444444444, ""horse"": 0.9531013615733737, ""ship"": 0.9604010025062657, ""truck"": 0.9591527987897126}","[[945, 4, 13, 10, 5, 0, 2, 0, 18, 3], [5, 973, 0, 0, 1, 0, 0, 0, 2, 19], [18, 0, 889, 21, 25, 15, 23, 5, 2, 2], [7, 2, 19, 848, 18, 70, 24, 6, 3, 3], [7, 1, 12, 18, 925, 17, 8, 11, 1, 0], [5, 0, 10, 72, 18, 881, 2, 12, 0, 0], [5, 0, 17, 17, 2, 3, 952, 2, 1, 1], [6, 0, 5, 12, 11, 19, 1, 945, 1, 0], [21, 6, 3, 2, 1, 1, 3, 1, 958, 4], [8, 27, 1, 2, 0, 0, 1, 1, 9, 951]]","{""train_loss"": [1.9809303711149429, 1.3666902680926853, 1.0252805374569363, 0.8141694799529181, 0.6730989507251316, 0.5903321554607815, 0.5340611396895515, 0.48708423352241514, 0.4445824596616957, 0.42145982105467056, 0.38928549286524455, 0.35935597160657246, 0.3337967977364858, 0.3033881949742635, 0.2734775551478068, 0.24486773993704053, 0.21580896411471898, 0.18264557264910805, 0.1476229284392463, 0.11943583709928725, 0.09253210438092549, 0.0710118171426985, 0.053087478737036384, 0.04243165409035153, 0.03666052346891827], ""val_loss"": [1.613836181640625, 1.211810174560547, 0.9423478790283203, 0.8638028884887695, 0.7401552940368652, 0.6318843089103698, 0.6033067836761474, 0.5070769226074219, 0.6091238388061524, 0.6882535922050476, 0.6644256141662598, 0.4260695224285126, 0.5403119174480439, 0.4105968183517456, 0.3901627272129059, 0.3471608222961426, 0.3975075143814087, 0.3757537714004517, 0.3115125780105591, 0.2679510145187378, 0.2514695834875107, 0.2462157593011856, 0.2422558588027954, 0.24065378427505493, 0.23585073156356812], ""train_acc"": [0.2840666666666667, 0.495, 0.6339111111111111, 0.7141555555555555, 0.7670444444444444, 0.7971111111111111, 0.8182222222222222, 0.8325555555555556, 0.8472, 0.8556222222222222, 0.8656444444444444, 0.8761555555555556, 0.8854444444444445, 0.8951111111111111, 0.9060666666666667, 0.9159555555555555, 0.9267333333333333, 0.9369333333333333, 0.9496, 0.9592888888888889, 0.9692, 0.9766666666666667, 0.9834, 0.9871111111111112, 0.9892666666666666], ""val_acc"": [0.411, 0.5768, 0.666, 0.7056, 0.75, 0.7768, 0.7948, 0.829, 0.7976, 0.7836, 0.7812, 0.8568, 0.8254, 0.8638, 0.8714, 0.8872, 0.8742, 0.877, 0.898, 0.9138, 0.924, 0.9258, 0.926, 0.9272, 0.9278]}",cuda,NVIDIA A100-SXM4-40GB
C2,simple_cnn,crop_flip,sgd,0,0.1,0.0005,128,25,25,25,0.4640409260749817,92.82733368873596,620362,0.49119120390415194,0.8359,0.8356924996761899,"{""airplane"": 0.8407517309594461, ""automobile"": 0.9421906693711968, ""bird"": 0.7632898696088265, ""cat"": 0.687246963562753, ""deer"": 0.804093567251462, ""dog"": 0.7820247933884298, ""frog"": 0.872382851445663, ""horse"": 0.8725985844287159, ""ship"": 0.904572564612326, ""truck"": 0.8869395711500975}","{""airplane"": 0.85, ""automobile"": 0.929, ""bird"": 0.761, ""cat"": 0.679, ""deer"": 0.825, ""dog"": 0.757, ""frog"": 0.875, ""horse"": 0.863, ""ship"": 0.91, ""truck"": 0.91}","{""airplane"": 0.8453505718547986, ""automobile"": 0.9355488418932527, ""bird"": 0.7621432148222334, ""cat"": 0.6830985915492958, ""deer"": 0.8144126357354393, ""dog"": 0.7693089430894309, ""frog"": 0.873689465801298, ""horse"": 0.8677727501256913, ""ship"": 0.9072781655034895, ""truck"": 0.8983218163869694}","[[850, 9, 36, 16, 10, 4, 5, 6, 43, 21], [7, 929, 3, 1, 1, 3, 1, 1, 8, 46], [39, 2, 761, 52, 53, 31, 28, 20, 7, 7], [16, 3, 44, 679, 52, 116, 44, 21, 12, 13], [10, 1, 54, 32, 825, 17, 25, 32, 4, 0], [11, 0, 31, 121, 28, 757, 17, 32, 0, 3], [6, 2, 39, 43, 15, 11, 875, 5, 3, 1], [14, 0, 19, 30, 37, 26, 1, 863, 2, 8], [41, 8, 6, 8, 3, 2, 2, 3, 910, 17], [17, 32, 4, 6, 2, 1, 5, 6, 17, 910]]","{""train_loss"": [1.8896326124191285, 1.5230584666781954, 1.3691038802888658, 1.2852923931969538, 1.2021626873122322, 1.1372272258970473, 1.0802685869852702, 1.027187361187405, 0.9842475364261203, 0.9313501892195808, 0.8818112580087449, 0.8459818933486939, 0.7854761027654013, 0.7485258870336744, 0.6975919662157695, 0.6557072261598376, 0.6165589004516602, 0.578621466588974, 0.5411146145184835, 0.5072407233185239, 0.4818000450929006, 0.4567233160495758, 0.43558804029888576, 0.42367123709784615, 0.41322843787935043], ""val_loss"": [1.491865576171875, 1.4449024444580079, 1.3023488891601562, 1.2131194793701172, 1.1157501754760741, 1.0531924457550048, 1.0568005661010742, 0.988630241394043, 0.919310167312622, 0.8819853092193604, 0.8280358120918274, 0.7829529485702514, 0.7805997012138367, 0.7685054505348206, 0.6925328918457031, 0.6386407680511474, 0.5806400812625885, 0.5701501276016235, 0.5272912850856781, 0.5327548310279846, 0.5014909405231476, 0.4898688774585724, 0.48048451290130617, 0.4709600860595703, 0.4640409260749817], ""train_acc"": [0.3004888888888889, 0.44595555555555555, 0.5082666666666666, 0.5439333333333334, 0.5780666666666666, 0.6023777777777778, 0.6234222222222222, 0.6436666666666667, 0.6591111111111111, 0.68, 0.6964666666666667, 0.7072666666666667, 0.7282222222222222, 0.7393111111111111, 0.7580222222222223, 0.7737111111111111, 0.7871333333333334, 0.7972888888888889, 0.8101333333333334, 0.8221111111111111, 0.8316888888888889, 0.8413111111111111, 0.8481777777777778, 0.8531555555555556, 0.8550444444444445], ""val_acc"": [0.44, 0.4898, 0.5314, 0.5796, 0.6028, 0.6396, 0.6328, 0.6608, 0.6916, 0.6896, 0.7212, 0.7358, 0.7316, 0.7386, 0.7628, 0.778, 0.7984, 0.802, 0.8156, 0.8144, 0.8216, 0.8236, 0.834, 0.8364, 0.8376]}",cuda,NVIDIA A100-SXM4-40GB
C2,simple_cnn,crop_flip,sgd,1,0.1,0.0005,128,25,25,25,0.4513551326751709,92.88142609596252,620362,0.4693384540557861,0.8392,0.8384972847699883,"{""airplane"": 0.8518886679920478, ""automobile"": 0.9198019801980198, ""bird"": 0.7929969104016478, ""cat"": 0.7069864442127216, ""deer"": 0.8081002892960463, ""dog"": 0.7732497387669801, ""frog"": 0.8538899430740038, ""horse"": 0.873253493013972, ""ship"": 0.8960784313725491, ""truck"": 0.9054878048780488}","{""airplane"": 0.857, ""automobile"": 0.929, ""bird"": 0.77, ""cat"": 0.678, ""deer"": 0.838, ""dog"": 0.74, ""frog"": 0.9, ""horse"": 0.875, ""ship"": 0.914, ""truck"": 0.891}","{""airplane"": 0.8544366899302094, ""automobile"": 0.9243781094527364, ""bird"": 0.7813292744799594, ""cat"": 0.6921898928024502, ""deer"": 0.8227785959744722, ""dog"": 0.7562595809913132, ""frog"": 0.8763388510223953, ""horse"": 0.8741258741258742, ""ship"": 0.904950495049505, ""truck"": 0.8981854838709677}","[[857, 12, 31, 12, 12, 2, 4, 8, 40, 22], [8, 929, 1, 1, 1, 2, 4, 1, 14, 39], [33, 1, 770, 40, 49, 37, 43, 16, 9, 2], [18, 2, 45, 678, 50, 106, 51, 29, 13, 8], [10, 1, 39, 31, 838, 25, 30, 23, 2, 1], [11, 4, 30, 134, 33, 740, 16, 30, 1, 1], [5, 1, 27, 28, 15, 11, 900, 9, 3, 1], [7, 5, 17, 23, 34, 31, 2, 875, 1, 5], [34, 13, 8, 6, 3, 2, 2, 4, 914, 14], [23, 42, 3, 6, 2, 1, 2, 7, 23, 891]]","{""train_loss"": [1.8189418395148382, 1.455128994348314, 1.3211305179384019, 1.3389522614373102, 1.186468858824836, 1.1291540145450167, 1.0786630756166247, 1.0058293838077121, 0.9464820102055868, 0.9064520106633505, 0.8581763197369046, 0.8053458372222053, 0.7482421295271979, 0.7013042817645603, 0.6639751332071092, 0.6186437892807854, 0.5701062618255616, 0.541100805621677, 0.5047945940653483, 0.4718456823984782, 0.4377800274213155, 0.41590355548858643, 0.39651399822764927, 0.37880083158281114, 0.37073457885318334], ""val_loss"": [1.491751416015625, 1.2951018188476562, 1.3204819061279296, 1.223009538269043, 1.0226439010620116, 1.0645267288208007, 0.9843064420700073, 1.001861442565918, 0.9008897457122803, 0.8647442814826966, 0.7915419788360596, 0.7019418627738953, 0.7051618646621705, 0.6989220775604248, 0.638382004737854, 0.5819757181167603, 0.5881131881713867, 0.5630545201301574, 0.5106430913925171, 0.5058945057868958, 0.4746281244277954, 0.4696565962791443, 0.4612298377990723, 0.4563274326324463, 0.4513551326751709], ""train_acc"": [0.33093333333333336, 0.47386666666666666, 0.5297333333333333, 0.5276, 0.5843777777777778, 0.6049555555555556, 0.6269111111111111, 0.6530888888888889, 0.6718666666666666, 0.6879555555555555, 0.7047333333333333, 0.7231777777777778, 0.7410888888888889, 0.7602222222222222, 0.7689333333333334, 0.7870444444444444, 0.8012888888888889, 0.8118222222222222, 0.8246222222222223, 0.8348222222222222, 0.8467555555555556, 0.8545555555555555, 0.8610444444444444, 0.8683333333333333, 0.8696666666666667], ""val_acc"": [0.4618, 0.5442, 0.5436, 0.5826, 0.6444, 0.6258, 0.6528, 0.6588, 0.6906, 0.7042, 0.7292, 0.757, 0.7566, 0.7582, 0.7792, 0.798, 0.7954, 0.8034, 0.8274, 0.826, 0.8366, 0.8382, 0.8434, 0.8468, 0.8462]}",cuda,NVIDIA A100-SXM4-40GB
C2,simple_cnn,crop_flip,sgd,2,0.1,0.0005,128,25,25,25,0.4649929458618164,92.83581280708313,620362,0.4914255602836609,0.8367,0.8362301185423933,"{""airplane"": 0.8367748279252704, ""automobile"": 0.935, ""bird"": 0.7783452502553626, ""cat"": 0.6834532374100719, ""deer"": 0.827037773359841, ""dog"": 0.756838905775076, ""frog"": 0.8680351906158358, ""horse"": 0.8718466195761857, ""ship"": 0.8994140625, ""truck"": 0.902}","{""airplane"": 0.851, ""automobile"": 0.935, ""bird"": 0.762, ""cat"": 0.665, ""deer"": 0.832, ""dog"": 0.747, ""frog"": 0.888, ""horse"": 0.864, ""ship"": 0.921, ""truck"": 0.902}","{""airplane"": 0.8438274665344571, ""automobile"": 0.935, ""bird"": 0.7700859019706923, ""cat"": 0.6741003547896605, ""deer"": 0.8295114656031904, ""dog"": 0.7518872672370408, ""frog"": 0.8779041028175977, ""horse"": 0.8679055750878956, ""ship"": 0.9100790513833992, ""truck"": 0.902}","[[851, 10, 27, 19, 9, 2, 7, 8, 49, 18], [8, 935, 2, 2, 2, 1, 2, 1, 9, 38], [42, 1, 762, 45, 43, 40, 37, 18, 8, 4], [16, 2, 51, 665, 50, 129, 44, 20, 8, 15], [11, 3, 43, 34, 832, 16, 26, 30, 3, 2], [11, 1, 28, 133, 30, 747, 12, 34, 1, 3], [5, 2, 36, 36, 12, 11, 888, 5, 4, 1], [14, 0, 19, 24, 26, 40, 2, 864, 2, 9], [41, 9, 8, 4, 1, 1, 2, 5, 921, 8], [18, 37, 3, 11, 1, 0, 3, 6, 19, 902]]","{""train_loss"": [1.9501509355756972, 1.5456010891596477, 1.442536718389723, 1.3138892071829902, 1.2489827962345548, 1.1738481628523934, 1.1184146072069805, 1.0654330124325222, 1.0020877381324769, 0.9541560296270583, 0.8909841034253438, 0.8429544013341268, 0.7979146699057685, 0.7485253214624193, 0.70169372821384, 0.653908920595381, 0.612083960808648, 0.5780933413293626, 0.5408697778277927, 0.5035567731539409, 0.4735486773914761, 0.44716256766319273, 0.42839302849769595, 0.41551429477267793, 0.40095616931915284], ""val_loss"": [1.5832121215820312, 1.462638168334961, 1.2127812255859376, 1.3461023712158202, 1.161580877685547, 1.1159874465942383, 1.0607206695556641, 0.9267080993652344, 0.9668501373291015, 0.9220240139007568, 0.813271662902832, 0.7603384643554687, 0.7899252885818482, 0.7352287536621094, 0.6407545015811921, 0.6810387409210205, 0.6299289566040039, 0.5962724942207337, 0.5932928077697754, 0.5168615844726563, 0.5004271510601044, 0.4888314491271973, 0.4761602912902832, 0.4694726417541504, 0.4649929458618164], ""train_acc"": [0.27942222222222224, 0.43391111111111114, 0.48204444444444444, 0.5326, 0.5601333333333334, 0.5904666666666667, 0.6106, 0.6318888888888889, 0.6528, 0.6711555555555555, 0.6929111111111111, 0.7067333333333333, 0.7255777777777778, 0.7430222222222223, 0.7579777777777778, 0.7751555555555556, 0.7899333333333334, 0.7995333333333333, 0.8120888888888889, 0.8260888888888889, 0.8350666666666666, 0.8445111111111111, 0.8506222222222222, 0.8561777777777778, 0.86], ""val_acc"": [0.4292, 0.4666, 0.5628, 0.5294, 0.6032, 0.6222, 0.6408, 0.6878, 0.6526, 0.685, 0.7166, 0.733, 0.722, 0.748, 0.7752, 0.762, 0.7788, 0.7936, 0.7928, 0.8186, 0.8236, 0.8274, 0.8326, 0.8296, 0.8336]}",cuda,NVIDIA A100-SXM4-40GB
C3,densenet121,crop_flip,sgd,0,0.1,0.0005,128,25,25,24,0.22002604188919067,718.3906161785126,6956426,0.22058647947311402,0.9406,0.9405717215542608,"{""airplane"": 0.935609756097561, ""automobile"": 0.9817997977755308, ""bird"": 0.9209486166007905, ""cat"": 0.8796296296296297, ""deer"": 0.9193083573487032, ""dog"": 0.900398406374502, ""frog"": 0.9648946840521565, ""horse"": 0.9712230215827338, ""ship"": 0.9695740365111561, ""truck"": 0.964035964035964}","{""airplane"": 0.959, ""automobile"": 0.971, ""bird"": 0.932, ""cat"": 0.855, ""deer"": 0.957, ""dog"": 0.904, ""frog"": 0.962, ""horse"": 0.945, ""ship"": 0.956, ""truck"": 0.965}","{""airplane"": 0.9471604938271605, ""automobile"": 0.9763700351935646, ""bird"": 0.9264413518886679, ""cat"": 0.8671399594320487, ""deer"": 0.9377756001959824, ""dog"": 0.9021956087824351, ""frog"": 0.9634451677516275, ""horse"": 0.9579320831221491, ""ship"": 0.9627391742195368, ""truck"": 0.9645177411294353}","[[959, 2, 13, 7, 2, 0, 2, 1, 11, 3], [5, 971, 0, 1, 1, 0, 0, 0, 4, 18], [10, 0, 932, 12, 18, 13, 9, 5, 1, 0], [6, 0, 28, 855, 22, 61, 13, 9, 3, 3], [1, 0, 12, 11, 957, 5, 7, 7, 0, 0], [3, 0, 11, 56, 17, 904, 3, 5, 1, 0], [4, 0, 6, 14, 6, 5, 962, 1, 1, 1], [4, 0, 8, 10, 18, 15, 0, 945, 0, 0], [24, 4, 2, 2, 0, 1, 0, 0, 956, 11], [9, 12, 0, 4, 0, 0, 1, 0, 9, 965]]","{""train_loss"": [1.4762650948842366, 0.9090294830534194, 0.6803867732789781, 0.5617570913526747, 0.49148528102238975, 0.44625019513765973, 0.4109369553565979, 0.38299008236991033, 0.3590077986240387, 0.3319046886444092, 0.31215068017111886, 0.28729307471646204, 0.2653756312529246, 0.23981546228461795, 0.21541945728196038, 0.19106874685022565, 0.16373273275163439, 0.1316401581088702, 0.10349086285167271, 0.07681467514766588, 0.05358830363220639, 0.035261690711312826, 0.025755441535843745, 0.01987331789566411, 0.016690443545248772], ""val_loss"": [1.3367089324951171, 0.8077910194396972, 0.6879232620239257, 0.654929276227951, 0.5973556549072265, 0.613568678188324, 0.5187030815124511, 0.5208054390907287, 0.5253084510803223, 0.41153592715263365, 0.3878779620170593, 0.49998437252044675, 0.38163301491737367, 0.3656301664590836, 0.4631931054830551, 0.28194627907276154, 0.3088630631446838, 0.2790132939338684, 0.2898097960472107, 0.24683464498519897, 0.2462738276720047, 0.227323118686676, 0.22343863859176635, 0.22002604188919067, 0.22634038639068604], ""train_acc"": [0.47315555555555555, 0.6792222222222222, 0.7617555555555555, 0.8049777777777778, 0.8303777777777778, 0.8476222222222223, 0.8587333333333333, 0.8679333333333333, 0.8784888888888889, 0.8864, 0.8932888888888889, 0.9004, 0.9090222222222222, 0.9180888888888888, 0.9262222222222222, 0.9346, 0.9438222222222222, 0.9548222222222222, 0.9655777777777778, 0.9746, 0.9824444444444445, 0.9894222222222222, 0.9925555555555555, 0.9947555555555555, 0.9957555555555555], ""val_acc"": [0.5486, 0.7156, 0.7528, 0.774, 0.8006, 0.79, 0.8272, 0.8246, 0.823, 0.8626, 0.8654, 0.8396, 0.87, 0.8776, 0.856, 0.9042, 0.9018, 0.9102, 0.909, 0.9242, 0.9282, 0.9374, 0.9352, 0.94, 0.9392]}",cuda,NVIDIA A100-SXM4-40GB
C3,densenet121,crop_flip,sgd,1,0.1,0.0005,128,25,25,25,0.21479415969848634,717.4271092414856,6956426,0.21376261668205263,0.9403,0.9402357034347458,"{""airplane"": 0.9453280318091452, ""automobile"": 0.9692460317460317, ""bird"": 0.9275653923541247, ""cat"": 0.8768920282542886, ""deer"": 0.9347181008902077, ""dog"": 0.905241935483871, ""frog"": 0.9572139303482587, ""horse"": 0.9685598377281948, ""ship"": 0.9574678536102869, ""truck"": 0.9598393574297188}","{""airplane"": 0.951, ""automobile"": 0.977, ""bird"": 0.922, ""cat"": 0.869, ""deer"": 0.945, ""dog"": 0.898, ""frog"": 0.962, ""horse"": 0.955, ""ship"": 0.968, ""truck"": 0.956}","{""airplane"": 0.9481555333998006, ""automobile"": 0.9731075697211156, ""bird"": 0.9247743229689067, ""cat"": 0.8729281767955801, ""deer"": 0.939830929885629, ""dog"": 0.9016064257028112, ""frog"": 0.9596009975062344, ""horse"": 0.9617321248741189, ""ship"": 0.9627051218299354, ""truck"": 0.9579158316633266}","[[951, 2, 16, 7, 2, 0, 2, 0, 15, 5], [3, 977, 0, 0, 0, 0, 0, 0, 2, 18], [11, 0, 922, 16, 15, 11, 17, 6, 1, 1], [6, 0, 15, 869, 15, 61, 16, 9, 6, 3], [3, 0, 15, 14, 945, 10, 4, 7, 2, 0], [2, 0, 8, 60, 17, 898, 3, 8, 2, 2], [4, 1, 10, 17, 4, 1, 962, 1, 0, 0], [6, 0, 4, 6, 13, 11, 1, 955, 2, 2], [13, 6, 4, 0, 0, 0, 0, 0, 968, 9], [7, 22, 0, 2, 0, 0, 0, 0, 13, 956]]","{""train_loss"": [1.5173367292722066, 0.9840932379616631, 0.7459392833073933, 0.6022272960980734, 0.5212069218158721, 0.4646555948893229, 0.42434115642971465, 0.3935286241531372, 0.3648675001833174, 0.33954230285220677, 0.3191153006500668, 0.29010157583024765, 0.27055314968427024, 0.24930508927769132, 0.21797483112547134, 0.19480884115960864, 0.1632275070759985, 0.1345592879374822, 0.110242448495494, 0.07741385404666265, 0.057029687317212426, 0.039930368236700695, 0.028977965376443333, 0.020373354562371968, 0.017394789175192514], ""val_loss"": [1.44581826171875, 0.9229458557128907, 0.7224819429397583, 0.5826892476320267, 0.5872871129989624, 0.5592104312896728, 0.6391876798629761, 0.49205906023979185, 0.646987808418274, 0.6293593225479126, 0.37234059238433836, 0.4868082390785217, 0.3992314206123352, 0.3904800109863281, 0.4248408197402954, 0.3259518123626709, 0.31794673490524294, 0.3200397670984268, 0.26333010427951814, 0.23768047082424165, 0.23270747125148772, 0.22373835568428038, 0.21841587018966674, 0.21836871867179872, 0.21479415969848634], ""train_acc"": [0.45853333333333335, 0.6517111111111111, 0.7381555555555556, 0.7909777777777778, 0.8233777777777778, 0.8402666666666667, 0.8547555555555556, 0.8649111111111111, 0.8753111111111112, 0.8845333333333333, 0.8907111111111111, 0.9002222222222223, 0.9066, 0.9149777777777778, 0.9245555555555556, 0.9330444444444445, 0.9436444444444444, 0.9548222222222222, 0.9627111111111111, 0.9739777777777778, 0.9816888888888889, 0.9875777777777778, 0.9916, 0.9946888888888888, 0.9955111111111111], ""val_acc"": [0.52, 0.6804, 0.7548, 0.8032, 0.7948, 0.8066, 0.7898, 0.843, 0.794, 0.8036, 0.8738, 0.8348, 0.8678, 0.8728, 0.8628, 0.8934, 0.901, 0.8964, 0.915, 0.929, 0.932, 0.9372, 0.9402, 0.9418, 0.943]}",cuda,NVIDIA A100-SXM4-40GB
C3,densenet121,crop_flip,sgd,2,0.1,0.0005,128,25,25,25,0.19967842617034912,716.0955963134766,6956426,0.21830008587837219,0.9382,0.9382616251700695,"{""airplane"": 0.9240506329113924, ""automobile"": 0.9731343283582089, ""bird"": 0.9305413687436159, ""cat"": 0.8542274052478134, ""deer"": 0.942173479561316, ""dog"": 0.9051020408163265, ""frog"": 0.9626639757820383, ""horse"": 0.9635995955510617, ""ship"": 0.970736629667003, ""truck"": 0.9582504970178927}","{""airplane"": 0.949, ""automobile"": 0.978, ""bird"": 0.911, ""cat"": 0.879, ""deer"": 0.945, ""dog"": 0.887, ""frog"": 0.954, ""horse"": 0.953, ""ship"": 0.962, ""truck"": 0.964}","{""airplane"": 0.9363591514553528, ""automobile"": 0.9755610972568578, ""bird"": 0.9206670035371399, ""cat"": 0.866436668309512, ""deer"": 0.9435846230654019, ""dog"": 0.895959595959596, ""frog"": 0.958312405826218, ""horse"": 0.9582704876822524, ""ship"": 0.9663485685585133, ""truck"": 0.9611166500498505}","[[949, 3, 14, 9, 4, 0, 1, 2, 13, 5], [3, 978, 0, 0, 0, 0, 0, 0, 2, 17], [19, 0, 911, 26, 9, 14, 11, 7, 2, 1], [9, 1, 13, 879, 14, 56, 14, 10, 2, 2], [6, 0, 10, 15, 945, 7, 6, 9, 1, 1], [7, 0, 8, 73, 15, 887, 5, 5, 0, 0], [5, 0, 15, 13, 6, 3, 954, 1, 1, 2], [4, 0, 5, 11, 10, 13, 0, 953, 1, 3], [18, 4, 2, 2, 0, 0, 0, 1, 962, 11], [7, 19, 1, 1, 0, 0, 0, 1, 7, 964]]","{""train_loss"": [1.512227306535509, 0.9434970098389519, 0.6991579765955607, 0.5797893290837606, 0.5017749063809712, 0.4513922192785475, 0.4154304424497816, 0.3872484212398529, 0.3623888149049547, 0.3417384749359555, 0.3177219697316488, 0.28927385725445215, 0.2690911670207977, 0.24423428052266438, 0.21751788743336994, 0.1886398192776574, 0.163542439116372, 0.13409868739446004, 0.10392793957392375, 0.07767730703221427, 0.05714823382960425, 0.0403357456167539, 0.028853959660397634, 0.021896953676475418, 0.01830021275381247], ""val_loss"": [1.1833429962158204, 1.1432430770874022, 0.6200378433227539, 0.6781950627326966, 0.6135786436080932, 0.5847594843864441, 0.4578396000385284, 0.4700211912155151, 0.46968479690551757, 0.5129627792358399, 0.4259558073043823, 0.3847488554954529, 0.4181334090232849, 0.3524730002403259, 0.35906859526634216, 0.3323085947036743, 0.3381967923164368, 0.25912546331882474, 0.2535800733566284, 0.2525813648223877, 0.23218766264915466, 0.21206776230335236, 0.20060139636993407, 0.2006554105758667, 0.19967842617034912], ""train_acc"": [0.4570666666666667, 0.6660666666666667, 0.7552888888888889, 0.7986888888888889, 0.8266222222222223, 0.8447333333333333, 0.8549111111111111, 0.8659111111111111, 0.8752666666666666, 0.8808444444444444, 0.8908666666666667, 0.9002, 0.9071111111111111, 0.9172, 0.9249111111111111, 0.9352666666666667, 0.9438666666666666, 0.9527777777777777, 0.9645777777777778, 0.9745777777777778, 0.9816222222222222, 0.9876666666666667, 0.9918, 0.9943555555555555, 0.9956222222222222], ""val_acc"": [0.58, 0.6254, 0.7836, 0.7718, 0.7962, 0.8038, 0.845, 0.838, 0.8422, 0.8316, 0.8506, 0.8722, 0.8628, 0.881, 0.8814, 0.893, 0.8948, 0.9176, 0.9178, 0.925, 0.9348, 0.9364, 0.9418, 0.9446, 0.9444]}",cuda,NVIDIA A100-SXM4-40GB
C4,resnet18,none,sgd,0,0.1,0.0005,128,25,25,24,0.4287583643913269,146.40745663642883,11173962,0.46269257164001465,0.8621,0.8618052505048908,"{""airplane"": 0.8594961240310077, ""automobile"": 0.9241379310344827, ""bird"": 0.8335067637877211, ""cat"": 0.7361396303901437, ""deer"": 0.8638211382113821, ""dog"": 0.7822660098522167, ""frog"": 0.8853754940711462, ""horse"": 0.8833333333333333, ""ship"": 0.9242273180458624, ""truck"": 0.9247967479674797}","{""airplane"": 0.887, ""automobile"": 0.938, ""bird"": 0.801, ""cat"": 0.717, ""deer"": 0.85, ""dog"": 0.794, ""frog"": 0.896, ""horse"": 0.901, ""ship"": 0.927, ""truck"": 0.91}","{""airplane"": 0.8730314960629921, ""automobile"": 0.9310173697270472, ""bird"": 0.8169301376848547, ""cat"": 0.7264437689969605, ""deer"": 0.8568548387096774, ""dog"": 0.7880893300248138, ""frog"": 0.8906560636182903, ""horse"": 0.8920792079207921, ""ship"": 0.9256115826260609, ""truck"": 0.9173387096774194}","[[887, 13, 20, 16, 4, 1, 5, 7, 32, 15], [7, 938, 0, 2, 1, 2, 2, 2, 11, 35], [48, 0, 801, 34, 31, 36, 33, 13, 2, 2], [16, 3, 37, 717, 33, 122, 39, 23, 9, 1], [8, 1, 31, 33, 850, 19, 20, 34, 4, 0], [6, 2, 33, 95, 26, 794, 10, 29, 1, 4], [8, 1, 23, 36, 12, 15, 896, 4, 4, 1], [5, 1, 7, 33, 24, 23, 2, 901, 2, 2], [33, 10, 2, 5, 2, 2, 3, 2, 927, 14], [14, 46, 7, 3, 1, 1, 2, 5, 11, 910]]","{""train_loss"": [2.3571975992414687, 1.6390557752397326, 1.2621247863133749, 1.0115226181877983, 0.8363720449235704, 0.6925662434471979, 0.5658622701644898, 0.4610621233622233, 0.3787157168335385, 0.30689650571611193, 0.24602972435421414, 0.18184842444525826, 0.13964063942167493, 0.09875446045266258, 0.06171366528140174, 0.025016631846957738, 0.007839713120791647, 0.002712177809079488, 0.001878820305234856, 0.0017581314643431041, 0.001753592917530073, 0.001757796343229711, 0.0017455477529929745, 0.0018102614614284702, 0.0017528977311319774], ""val_loss"": [1.893692578125, 1.4928661010742188, 1.1539472381591798, 1.0731658737182617, 0.772833723449707, 0.9554410429000855, 0.6670236199378967, 0.632234810256958, 0.7171929953575135, 0.6411416407585144, 0.6450298225402832, 0.5578400854110718, 0.7255095388412476, 0.6542780031204224, 0.674789744758606, 0.5462399991989135, 0.4754235573768616, 0.46091881217956543, 0.44604704303741455, 0.43694126329421995, 0.4321777923583984, 0.43395399322509765, 0.4324126808166504, 0.4287583643913269, 0.43492835445404054], ""train_acc"": [0.1634, 0.3814444444444444, 0.5395333333333333, 0.6385111111111111, 0.706, 0.7571555555555556, 0.8019777777777778, 0.8390888888888889, 0.8680666666666667, 0.8924222222222222, 0.9142222222222223, 0.9364, 0.9529111111111112, 0.9669777777777778, 0.9807777777777777, 0.9934222222222222, 0.9988222222222222, 0.9999111111111111, 1.0, 1.0, 1.0, 1.0, 1.0, 1.0, 1.0], ""val_acc"": [0.2752, 0.445, 0.581, 0.6282, 0.726, 0.668, 0.7744, 0.7826, 0.7658, 0.7932, 0.7892, 0.825, 0.7882, 0.8196, 0.8224, 0.85, 0.868, 0.8694, 0.8736, 0.8742, 0.8754, 0.8754, 0.8764, 0.8768, 0.875]}",cuda,NVIDIA A100-SXM4-40GB
C4,resnet18,none,sgd,1,0.1,0.0005,128,25,25,25,0.42434729385375974,146.9060480594635,11173962,0.45121358766555786,0.8669,0.8665815130298512,"{""airplane"": 0.8715686274509804, ""automobile"": 0.9391824526420738, ""bird"": 0.8189386056191468, ""cat"": 0.7442094662638469, ""deer"": 0.847542627883651, ""dog"": 0.8080808080808081, ""frog"": 0.8894324853228963, ""horse"": 0.9108409321175278, ""ship"": 0.9151219512195122, ""truck"": 0.9191616766467066}","{""airplane"": 0.889, ""automobile"": 0.942, ""bird"": 0.787, ""cat"": 0.739, ""deer"": 0.845, ""dog"": 0.8, ""frog"": 0.909, ""horse"": 0.899, ""ship"": 0.938, ""truck"": 0.921}","{""airplane"": 0.8801980198019802, ""automobile"": 0.9405891163255118, ""bird"": 0.8026517083120857, ""cat"": 0.7415955845459107, ""deer"": 0.8462694041061593, ""dog"": 0.8040201005025126, ""frog"": 0.8991097922848664, ""horse"": 0.9048817312531454, ""ship"": 0.9264197530864198, ""truck"": 0.9200799200799201}","[[889, 8, 20, 13, 7, 2, 6, 4, 34, 17], [7, 942, 0, 2, 1, 2, 2, 0, 12, 32], [45, 1, 787, 30, 50, 33, 36, 7, 7, 4], [15, 4, 48, 739, 30, 97, 35, 22, 5, 5], [8, 0, 40, 37, 845, 18, 16, 27, 8, 1], [8, 0, 22, 114, 20, 800, 10, 20, 3, 3], [6, 0, 24, 25, 16, 11, 909, 4, 4, 1], [12, 0, 11, 22, 27, 23, 2, 899, 1, 3], [22, 11, 4, 5, 0, 2, 2, 1, 938, 15], [8, 37, 5, 6, 1, 2, 4, 3, 13, 921]]","{""train_loss"": [1.9407679897732204, 1.2381190166685316, 0.907346602874332, 0.7010223510318332, 0.5582803864002228, 0.44441049955685935, 0.3606154900815752, 0.2916131924841139, 0.23713486188517677, 0.1890811856587728, 0.14694164930846956, 0.10899873677094778, 0.0886408668147193, 0.05674116747511758, 0.03417220688263575, 0.016105118881497116, 0.004116782585821218, 0.0018083922891153229, 0.001653913301933143, 0.0016717960541447004, 0.0017031535414771901, 0.0017520554170012473, 0.0017798040946738587, 0.0017255052142466107, 0.0017168189499527217], ""val_loss"": [1.408095947265625, 1.102623486328125, 0.9028221132278442, 0.7878111232757569, 0.6319869903564453, 0.5947219339370727, 0.5901643097877503, 0.6823938315868378, 0.6514330659866333, 0.7441988189697266, 0.6995418207168579, 0.8475902671813965, 0.6957461037635804, 0.6707473390579224, 0.59678329474926, 0.5497949300765991, 0.46639647884368896, 0.449259290599823, 0.4380961896896362, 0.43213772344589235, 0.4291949641227722, 0.42464945373535157, 0.42540212907791136, 0.4294994652748108, 0.42434729385375974], ""train_acc"": [0.31233333333333335, 0.5542, 0.6780444444444444, 0.7538444444444444, 0.8056, 0.8460888888888889, 0.8744888888888889, 0.8978666666666667, 0.9183333333333333, 0.9344444444444444, 0.9500222222222222, 0.9642222222222222, 0.9701333333333333, 0.9818444444444444, 0.9898666666666667, 0.9956222222222222, 0.9996888888888888, 1.0, 1.0, 1.0, 1.0, 1.0, 1.0, 1.0, 1.0], ""val_acc"": [0.481, 0.6008, 0.6758, 0.725, 0.7738, 0.795, 0.7972, 0.7744, 0.7922, 0.7778, 0.7916, 0.7844, 0.8074, 0.8258, 0.832, 0.8564, 0.8706, 0.8742, 0.8748, 0.8784, 0.8786, 0.8792, 0.8762, 0.8772, 0.879]}",cuda,NVIDIA A100-SXM4-40GB
C4,resnet18,none,sgd,2,0.1,0.0005,128,25,25,23,0.4283909172058106,146.63211822509766,11173962,0.4717762849330902,0.8674,0.8670101316492491,"{""airplane"": 0.8636806231742941, ""automobile"": 0.9329388560157791, ""bird"": 0.8289334741288279, ""cat"": 0.7530241935483871, ""deer"": 0.8481262327416174, ""dog"": 0.8112820512820513, ""frog"": 0.8907317073170732, ""horse"": 0.8947895791583166, ""ship"": 0.9403437815975733, ""truck"": 0.9048086359175662}","{""airplane"": 0.887, ""automobile"": 0.946, ""bird"": 0.785, ""cat"": 0.747, ""deer"": 0.86, ""dog"": 0.791, ""frog"": 0.913, ""horse"": 0.893, ""ship"": 0.93, ""truck"": 0.922}","{""airplane"": 0.8751850024666995, ""automobile"": 0.9394240317775571, ""bird"": 0.8063687724704673, ""cat"": 0.75, ""deer"": 0.8540218470705064, ""dog"": 0.8010126582278481, ""frog"": 0.9017283950617284, ""horse"": 0.8938938938938938, ""ship"": 0.9351432880844646, ""truck"": 0.9133234274393264}","[[887, 10, 24, 10, 8, 4, 4, 4, 27, 22], [9, 946, 0, 1, 1, 2, 1, 0, 5, 35], [48, 2, 785, 34, 46, 32, 29, 13, 6, 5], [11, 5, 39, 747, 35, 91, 37, 24, 6, 5], [12, 1, 28, 26, 860, 19, 22, 26, 4, 2], [4, 0, 27, 114, 21, 791, 9, 29, 1, 4], [6, 1, 21, 26, 16, 8, 913, 5, 1, 3], [9, 0, 12, 27, 25, 23, 3, 893, 1, 7], [31, 9, 4, 3, 2, 2, 3, 2, 930, 14], [10, 40, 7, 4, 0, 3, 4, 2, 8, 922]]","{""train_loss"": [2.0750414428922865, 1.354242565896776, 1.0122446977085537, 0.802394684961107, 0.6363173935466343, 0.510055506881078, 0.40951368191507126, 0.33305244414011637, 0.2629339734607273, 0.21641832112736173, 0.16982979635662504, 0.12616016965442234, 0.09981565668582916, 0.05554240879217784, 0.028994376449452505, 0.009588639526234732, 0.002501714889208476, 0.0017551802395118607, 0.0016908720785131057, 0.001699241166603234, 0.00176554650184181, 0.0017742426766703527, 0.0018071926354948017, 0.0018497428020669354, 0.0018006011431829798], ""val_loss"": [1.5579076904296876, 1.2072978790283204, 0.9955481185913085, 0.9017824073791504, 0.7336707343101502, 0.6930816055297851, 0.5964720149993896, 0.664771251487732, 0.6652409506797791, 0.722488807106018, 0.7443082895278931, 0.7755814264297486, 0.753427812576294, 0.6703250109672546, 0.5955651797294617, 0.5083275081634522, 0.46458784160614014, 0.4481020223617554, 0.4392453906059265, 0.435215894317627, 0.4352761311531067, 0.43017530784606933, 0.4283909172058106, 0.431590571975708, 0.42894408168792725], ""train_acc"": [0.2644666666666667, 0.5026888888888889, 0.6393777777777778, 0.7155777777777778, 0.7786444444444445, 0.8230222222222222, 0.8555777777777778, 0.8842, 0.9083111111111111, 0.9240222222222222, 0.9407111111111112, 0.9555333333333333, 0.9660444444444445, 0.9824888888888889, 0.9918222222222223, 0.9982, 1.0, 1.0, 1.0, 1.0, 1.0, 1.0, 1.0, 1.0, 1.0], ""val_acc"": [0.4204, 0.5678, 0.659, 0.6876, 0.7524, 0.7664, 0.7958, 0.7778, 0.7828, 0.7738, 0.7818, 0.7934, 0.7996, 0.822, 0.8454, 0.8632, 0.8698, 0.8704, 0.8704, 0.8706, 0.8708, 0.872, 0.8712, 0.8714, 0.872]}",cuda,NVIDIA A100-SXM4-40GB
C5,resnet18,strong,sgd,0,0.1,0.0005,128,25,25,25,0.21344218883514404,189.90852093696594,11173962,0.23453137748241423,0.9197,0.919454792299043,"{""airplane"": 0.929, ""automobile"": 0.9624505928853755, ""bird"": 0.9044652128764278, ""cat"": 0.848421052631579, ""deer"": 0.8981748318924111, ""dog"": 0.8539435248296008, ""frog"": 0.9318854886475815, ""horse"": 0.9555106167846309, ""ship"": 0.9551792828685259, ""truck"": 0.9560439560439561}","{""airplane"": 0.929, ""automobile"": 0.974, ""bird"": 0.871, ""cat"": 0.806, ""deer"": 0.935, ""dog"": 0.877, ""frog"": 0.944, ""horse"": 0.945, ""ship"": 0.959, ""truck"": 0.957}","{""airplane"": 0.929, ""automobile"": 0.9681908548707754, ""bird"": 0.8874172185430463, ""cat"": 0.8266666666666667, ""deer"": 0.916217540421362, ""dog"": 0.8653182042427232, ""frog"": 0.9379036264282166, ""horse"": 0.9502262443438914, ""ship"": 0.9570858283433133, ""truck"": 0.9565217391304348}","[[929, 2, 15, 8, 9, 1, 3, 2, 24, 7], [4, 974, 0, 0, 0, 0, 0, 0, 3, 19], [21, 0, 871, 17, 38, 16, 25, 6, 3, 3], [9, 1, 22, 806, 25, 92, 29, 9, 3, 4], [2, 0, 17, 15, 935, 14, 5, 11, 1, 0], [3, 1, 11, 73, 17, 877, 3, 14, 1, 0], [6, 0, 18, 15, 8, 6, 944, 1, 2, 0], [9, 0, 5, 9, 9, 21, 1, 945, 1, 0], [11, 9, 3, 4, 0, 0, 2, 1, 959, 11], [6, 25, 1, 3, 0, 0, 1, 0, 7, 957]]","{""train_loss"": [2.3643843371073405, 1.8921312337027656, 1.5691572760687933, 1.338723655403985, 1.191071767701043, 1.0642367587301467, 0.9557210364023845, 0.8816149619314405, 0.8234476553069221, 0.7818982986768087, 0.7405474861568875, 0.7053139529016282, 0.670716380098131, 0.6304594425837199, 0.5996416631698609, 0.5657145065519544, 0.5300366184022691, 0.49529842400550844, 0.45975176838239035, 0.4235197842227088, 0.3868340469625261, 0.3579758942551083, 0.3376403007613288, 0.3230804635233349, 0.31208630273209675], ""val_loss"": [1.92103447265625, 1.532461279296875, 1.2942894805908203, 0.9993284332275391, 1.1289442794799804, 0.990607527923584, 0.8900998585700989, 0.7383423303604126, 0.823732534790039, 0.6795199325561524, 0.49215052576065066, 0.5412236167907715, 0.4838541608810425, 0.4971613182067871, 0.4655326374053955, 0.4457565704345703, 0.3988016891479492, 0.3707723445892334, 0.3194648962020874, 0.27734735193252563, 0.25896887731552126, 0.24271097230911254, 0.23818188915252686, 0.21632963066101074, 0.21344218883514404], ""train_acc"": [0.14266666666666666, 0.2917111111111111, 0.4262888888888889, 0.5239555555555555, 0.5757777777777778, 0.6251777777777778, 0.6651333333333334, 0.6898, 0.7132222222222222, 0.7274444444444444, 0.7427333333333334, 0.7576888888888889, 0.7675777777777778, 0.7816, 0.7905333333333333, 0.8041555555555555, 0.8166, 0.8267777777777777, 0.8397555555555556, 0.8519777777777777, 0.8653111111111111, 0.8764222222222222, 0.8837777777777778, 0.8885555555555555, 0.8934], ""val_acc"": [0.2612, 0.4302, 0.5192, 0.6424, 0.6114, 0.66, 0.6986, 0.7312, 0.7254, 0.766, 0.835, 0.8144, 0.8306, 0.8296, 0.8398, 0.8424, 0.8614, 0.874, 0.8864, 0.9032, 0.9094, 0.9184, 0.919, 0.9296, 0.9282]}",cuda,NVIDIA A100-SXM4-40GB
C5,resnet18,strong,sgd,1,0.1,0.0005,128,25,25,25,0.21245889148712158,189.28965759277344,11173962,0.2287824067592621,0.921,0.9209408381453551,"{""airplane"": 0.9313824419778002, ""automobile"": 0.9558390578999019, ""bird"": 0.8932135728542914, ""cat"": 0.8257804632426989, ""deer"": 0.9105928085519922, ""dog"": 0.8708375378405651, ""frog"": 0.9431137724550899, ""horse"": 0.9574468085106383, ""ship"": 0.962, ""truck"": 0.9594320486815415}","{""airplane"": 0.923, ""automobile"": 0.974, ""bird"": 0.895, ""cat"": 0.82, ""deer"": 0.937, ""dog"": 0.863, ""frog"": 0.945, ""horse"": 0.945, ""ship"": 0.962, ""truck"": 0.946}","{""airplane"": 0.9271722752385736, ""automobile"": 0.9648340762753839, ""bird"": 0.8941058941058941, ""cat"": 0.8228800802809835, ""deer"": 0.9236076885165106, ""dog"": 0.8669010547463586, ""frog"": 0.9440559440559441, ""horse"": 0.9511826874685455, ""ship"": 0.962, ""truck"": 0.9526686807653575}","[[923, 6, 19, 8, 7, 0, 2, 3, 21, 11], [4, 974, 1, 1, 1, 0, 0, 0, 1, 18], [22, 0, 895, 17, 23, 18, 18, 5, 1, 1], [6, 0, 23, 820, 27, 78, 25, 14, 4, 3], [4, 1, 17, 20, 937, 9, 6, 6, 0, 0], [2, 1, 17, 88, 16, 863, 2, 10, 1, 0], [2, 0, 20, 21, 6, 3, 945, 1, 2, 0], [4, 0, 4, 13, 11, 20, 2, 945, 0, 1], [17, 8, 3, 1, 0, 0, 2, 1, 962, 6], [7, 29, 3, 4, 1, 0, 0, 2, 8, 946]]","{""train_loss"": [2.289641238000658, 1.8644477247662015, 1.5881340814166598, 1.3174502907647028, 1.1118453114615547, 0.9743378475401137, 0.8995244386355082, 0.8389035735236274, 0.7930289938608805, 0.7502511693636577, 0.7191901401519776, 0.6841892912758721, 0.6556748128361172, 0.6155537508540684, 0.5848031738811069, 0.5576187440448337, 0.5201323408656651, 0.4868554711871677, 0.45302602048450047, 0.41811019435458713, 0.38813130820062425, 0.3518928394264645, 0.3317177274862925, 0.3131753267288208, 0.3090037991258833], ""val_loss"": [1.803445068359375, 1.7731731689453125, 1.252072052001953, 1.1170853775024414, 0.8533686096191406, 0.7551323307037353, 0.6568662832260131, 0.7380885403633117, 0.649877486038208, 0.51370935754776, 0.5633960803985596, 0.5596749116897582, 0.46918451538085937, 0.43083345918655397, 0.41290299987792967, 0.41989654722213743, 0.3610057622909546, 0.41252999515533445, 0.3073054715156555, 0.29953470001220706, 0.2688553930282593, 0.23770730381011962, 0.22089355945587158, 0.21576485681533814, 0.21245889148712158], ""train_acc"": [0.16346666666666668, 0.30275555555555556, 0.4194, 0.5279111111111111, 0.6056444444444444, 0.6584888888888889, 0.6881333333333334, 0.7075111111111111, 0.7269777777777777, 0.7418, 0.7504666666666666, 0.7623111111111112, 0.7726888888888889, 0.7864222222222222, 0.7969333333333334, 0.8077111111111112, 0.82, 0.8320888888888889, 0.8418444444444444, 0.8566666666666667, 0.8649555555555556, 0.8774, 0.8868222222222222, 0.8918666666666667, 0.8934222222222222], ""val_acc"": [0.3056, 0.371, 0.5428, 0.602, 0.6912, 0.7366, 0.77, 0.7352, 0.771, 0.8246, 0.8112, 0.8098, 0.8404, 0.852, 0.8572, 0.8558, 0.8746, 0.861, 0.893, 0.8968, 0.9076, 0.918, 0.9256, 0.9268, 0.9274]}",cuda,NVIDIA A100-SXM4-40GB
C5,resnet18,strong,sgd,2,0.1,0.0005,128,25,25,25,0.2370447769165039,190.0214033126831,11173962,0.25829138135910035,0.9117,0.9115500544374514,"{""airplane"": 0.9233830845771144, ""automobile"": 0.9559255631733594, ""bird"": 0.8910585817060637, ""cat"": 0.8067141403865717, ""deer"": 0.8996101364522417, ""dog"": 0.846077457795432, ""frog"": 0.929064039408867, ""horse"": 0.9527720739219713, ""ship"": 0.9569569569569569, ""truck"": 0.9538615847542627}","{""airplane"": 0.928, ""automobile"": 0.976, ""bird"": 0.867, ""cat"": 0.793, ""deer"": 0.923, ""dog"": 0.852, ""frog"": 0.943, ""horse"": 0.928, ""ship"": 0.956, ""truck"": 0.951}","{""airplane"": 0.9256857855361597, ""automobile"": 0.9658584858980702, ""bird"": 0.87886467308667, ""cat"": 0.7997982854261221, ""deer"": 0.9111549851924975, ""dog"": 0.8490284005979073, ""frog"": 0.9359801488833747, ""horse"": 0.9402228976697061, ""ship"": 0.9564782391195598, ""truck"": 0.9524286429644466}","[[928, 3, 17, 12, 6, 1, 2, 1, 20, 10], [5, 976, 1, 0, 0, 0, 0, 0, 2, 16], [21, 0, 867, 29, 26, 20, 28, 4, 3, 2], [9, 1, 29, 793, 23, 97, 25, 14, 4, 5], [3, 1, 23, 16, 923, 12, 8, 13, 1, 0], [4, 0, 13, 92, 20, 852, 6, 11, 2, 0], [6, 0, 12, 24, 7, 5, 943, 1, 2, 0], [10, 1, 7, 13, 18, 20, 1, 928, 0, 2], [13, 10, 2, 3, 3, 0, 1, 1, 956, 11], [6, 29, 2, 1, 0, 0, 1, 1, 9, 951]]","{""train_loss"": [2.3977770163642034, 1.9535517578760784, 1.8030433647155761, 1.6520974752002293, 1.4450380184385512, 1.2451041744232179, 1.0988756362491183, 1.0010186384095086, 0.9183990421719022, 0.8610216857062446, 0.8168469733026292, 0.7681346192359925, 0.7265290895356072, 0.6895267209159003, 0.6550017629093594, 0.6174264014985826, 0.5823241084840562, 0.5432231443405151, 0.5060156635549333, 0.4711836208820343, 0.4380911879857381, 0.40609423065715367, 0.38482145380444, 0.3615653936492072, 0.3548696462790171], ""val_loss"": [1.91031328125, 1.77493828125, 1.520732373046875, 1.3984070709228515, 1.1932956283569336, 0.99713291015625, 0.8819074737548828, 0.6982225875854492, 0.650759545135498, 0.6692883924484253, 0.6346339891433715, 0.5751787099838257, 0.5338700667381286, 0.47806466217041016, 0.4281296899795532, 0.44343268554210663, 0.4106815549850464, 0.3560380405426025, 0.3303485310554504, 0.2978632688999176, 0.2879950173377991, 0.2826915678024292, 0.24779046382904052, 0.2401080626964569, 0.2370447769165039], ""train_acc"": [0.1708222222222222, 0.272, 0.3378, 0.3973111111111111, 0.48004444444444444, 0.5562222222222222, 0.6125333333333334, 0.6491555555555556, 0.6763777777777777, 0.7018888888888889, 0.7155555555555555, 0.7306444444444444, 0.7473777777777778, 0.7602666666666666, 0.7721777777777777, 0.7870444444444444, 0.7972666666666667, 0.8129111111111111, 0.823, 0.8366, 0.8504444444444444, 0.8612, 0.8666888888888888, 0.8743555555555556, 0.8770222222222223], ""val_acc"": [0.2674, 0.3542, 0.4304, 0.4956, 0.5678, 0.6454, 0.6904, 0.7516, 0.7746, 0.7662, 0.7724, 0.8034, 0.8216, 0.8332, 0.8502, 0.849, 0.8534, 0.8738, 0.889, 0.8948, 0.9004, 0.9024, 0.9166, 0.9178, 0.9188]}",cuda,NVIDIA A100-SXM4-40GB
C6,resnet18,crop_flip,adam,0,0.001,0.0005,128,25,25,24,0.25442634353637694,154.05983686447144,11173962,0.277983558177948,0.9222,0.9221230991050549,"{""airplane"": 0.9066410009624639, ""automobile"": 0.963220675944334, ""bird"": 0.9118852459016393, ""cat"": 0.8432760364004045, ""deer"": 0.90715667311412, ""dog"": 0.8782961460446247, ""frog"": 0.9427710843373494, ""horse"": 0.945, ""ship"": 0.9616548940464178, ""truck"": 0.9623601220752798}","{""airplane"": 0.942, ""automobile"": 0.969, ""bird"": 0.89, ""cat"": 0.834, ""deer"": 0.938, ""dog"": 0.866, ""frog"": 0.939, ""horse"": 0.945, ""ship"": 0.953, ""truck"": 0.946}","{""airplane"": 0.9239823442864149, ""automobile"": 0.9661016949152542, ""bird"": 0.9008097165991903, ""cat"": 0.8386123680241327, ""deer"": 0.9223205506391348, ""dog"": 0.8721047331319235, ""frog"": 0.9408817635270541, ""horse"": 0.945, ""ship"": 0.957307885484681, ""truck"": 0.9541099344427635}","[[942, 3, 12, 9, 5, 0, 2, 3, 15, 9], [7, 969, 0, 1, 1, 1, 1, 0, 1, 19], [17, 0, 890, 22, 26, 16, 20, 7, 2, 0], [13, 2, 19, 834, 24, 68, 16, 16, 5, 3], [3, 1, 12, 11, 938, 12, 10, 10, 2, 1], [5, 2, 11, 74, 20, 866, 4, 17, 1, 0], [4, 0, 24, 21, 5, 5, 939, 1, 1, 0], [4, 0, 6, 11, 15, 17, 1, 945, 0, 1], [31, 5, 2, 2, 0, 1, 2, 0, 953, 4], [13, 24, 0, 4, 0, 0, 1, 1, 11, 946]]","{""train_loss"": [1.381017575041453, 0.9547001022020976, 0.7920689171685112, 0.688791124343872, 0.6162967981179556, 0.5663650851567587, 0.5209300424787733, 0.4732133403460185, 0.4355558715714349, 0.39961187499364215, 0.3733823124885559, 0.3391947190920512, 0.3091828826215532, 0.2823828491952684, 0.2509536091380649, 0.2238727205408944, 0.19637047351201375, 0.1671728006389406, 0.14287030901908873, 0.11661163759099112, 0.09514881727695465, 0.08121289096275966, 0.06652994532982508, 0.06083544257713689, 0.05657427374124527], ""val_loss"": [1.3593194091796874, 0.9578950592041016, 0.8392481414794922, 0.6569902732849121, 0.6679504608154296, 0.7941418893814087, 0.5697431667327881, 0.8677405132293701, 0.4994735466003418, 0.702662809753418, 0.4344086871147156, 0.50237909450531, 0.40827457251548765, 0.36051216506958006, 0.3408241276741028, 0.3773136347293854, 0.31440933847427366, 0.2917405338764191, 0.28918705694675445, 0.2879986075401306, 0.26927507591247557, 0.25629062304496764, 0.2632294735908508, 0.25442634353637694, 0.26078809132575986], ""train_acc"": [0.49662222222222224, 0.6618888888888889, 0.7243111111111111, 0.7619777777777778, 0.7911111111111111, 0.8059555555555555, 0.8242444444444444, 0.8395555555555556, 0.8522, 0.8646, 0.8723111111111111, 0.8839111111111111, 0.8958888888888888, 0.9024444444444445, 0.9138666666666667, 0.9246, 0.9330222222222222, 0.9425333333333333, 0.9508888888888889, 0.9613777777777778, 0.9687111111111111, 0.9737333333333333, 0.9784, 0.9814444444444445, 0.9829333333333333], ""val_acc"": [0.5386, 0.6552, 0.7088, 0.771, 0.7742, 0.7414, 0.8098, 0.738, 0.8402, 0.784, 0.8552, 0.8362, 0.8668, 0.8776, 0.8898, 0.8806, 0.8996, 0.9068, 0.9086, 0.9108, 0.9196, 0.9224, 0.9216, 0.9242, 0.922]}",cuda,NVIDIA A100-SXM4-40GB
C6,resnet18,crop_flip,adam,1,0.001,0.0005,128,25,25,23,0.2502499839067459,154.67633724212646,11173962,0.28311379432678224,0.9197,0.9196389025829639,"{""airplane"": 0.9191321499013807, ""automobile"": 0.9545004945598418, ""bird"": 0.9082474226804124, ""cat"": 0.8370672097759674, ""deer"": 0.9207135777998018, ""dog"": 0.855609756097561, ""frog"": 0.9412935323383085, ""horse"": 0.9465725806451613, ""ship"": 0.963673057517659, ""truck"": 0.9500499500499501}","{""airplane"": 0.932, ""automobile"": 0.965, ""bird"": 0.881, ""cat"": 0.822, ""deer"": 0.929, ""dog"": 0.877, ""frog"": 0.946, ""horse"": 0.939, ""ship"": 0.955, ""truck"": 0.951}","{""airplane"": 0.9255213505461768, ""automobile"": 0.9597215315763302, ""bird"": 0.8944162436548223, ""cat"": 0.829465186680121, ""deer"": 0.9248382279741165, ""dog"": 0.8661728395061729, ""frog"": 0.943640897755611, ""horse"": 0.9427710843373494, ""ship"": 0.9593169261677549, ""truck"": 0.9505247376311844}","[[932, 5, 17, 12, 4, 0, 2, 1, 21, 6], [7, 965, 0, 1, 0, 1, 2, 1, 2, 21], [23, 0, 881, 23, 20, 19, 23, 9, 1, 1], [10, 0, 17, 822, 27, 88, 16, 11, 5, 4], [2, 1, 15, 20, 929, 11, 5, 12, 1, 4], [3, 2, 13, 69, 14, 877, 7, 15, 0, 0], [6, 2, 15, 16, 4, 8, 946, 2, 0, 1], [8, 0, 7, 12, 10, 21, 1, 939, 0, 2], [16, 10, 3, 4, 0, 0, 1, 0, 955, 11], [7, 26, 2, 3, 1, 0, 2, 2, 6, 951]]","{""train_loss"": [1.4190418781174554, 1.0096641013357375, 0.8165208122995165, 0.7014993772612678, 0.6335056356959873, 0.569497212515937, 0.5257767418543497, 0.47975337258444894, 0.4379453860812717, 0.4015079582638211, 0.37380125162336564, 0.3363375814172957, 0.3062554905043708, 0.2819243253019121, 0.25380469857321847, 0.22206613377200232, 0.19449806315633986, 0.1685310813718372, 0.14038635022507773, 0.11494495817820231, 0.09853875597980287, 0.08242421116828919, 0.07048099972009658, 0.060107177566157445, 0.05536444593138165], ""val_loss"": [1.359489712524414, 0.9486090347290039, 0.8222518646240234, 0.8937326324462891, 0.8360836242675781, 0.7417386604309082, 0.6199948218345642, 0.7274052623748779, 0.5591195534706116, 0.48336220073699954, 0.4465783369064331, 0.7268958129882812, 0.40271645350456237, 0.39887085399627686, 0.3821060302734375, 0.3104378087043762, 0.28326699578762055, 0.28795083634853363, 0.2934160316467285, 0.26399235017299655, 0.26507967126369475, 0.2623964161634445, 0.2502499839067459, 0.2565681692123413, 0.2522842169284821], ""train_acc"": [0.48046666666666665, 0.6403777777777778, 0.7121111111111111, 0.7583555555555556, 0.7828666666666667, 0.806, 0.8206, 0.8370666666666666, 0.8515777777777778, 0.8631333333333333, 0.8727555555555555, 0.8849555555555556, 0.8957777777777778, 0.9037333333333334, 0.9139111111111111, 0.9242666666666667, 0.9335777777777777, 0.9423111111111111, 0.9536, 0.9607333333333333, 0.9670222222222222, 0.9732222222222222, 0.9769333333333333, 0.9808888888888889, 0.9830444444444445], ""val_acc"": [0.532, 0.6708, 0.7246, 0.7138, 0.7054, 0.746, 0.7952, 0.7718, 0.8148, 0.8412, 0.8496, 0.7778, 0.8688, 0.8724, 0.878, 0.898, 0.905, 0.9062, 0.903, 0.9154, 0.9178, 0.9188, 0.9244, 0.9238, 0.9238]}",cuda,NVIDIA A100-SXM4-40GB
C6,resnet18,crop_flip,adam,2,0.001,0.0005,128,25,25,23,0.2754276618003845,155.90349555015564,11173962,0.27630757169723513,0.9197,0.9197772168258471,"{""airplane"": 0.9294354838709677, ""automobile"": 0.9678391959798995, ""bird"": 0.8958543983822043, ""cat"": 0.8239366963402571, ""deer"": 0.9136408243375859, ""dog"": 0.8670634920634921, ""frog"": 0.9384309831181727, ""horse"": 0.9597523219814241, ""ship"": 0.9497041420118343, ""truck"": 0.9538152610441767}","{""airplane"": 0.922, ""automobile"": 0.963, ""bird"": 0.886, ""cat"": 0.833, ""deer"": 0.931, ""dog"": 0.874, ""frog"": 0.945, ""horse"": 0.93, ""ship"": 0.963, ""truck"": 0.95}","{""airplane"": 0.9257028112449799, ""automobile"": 0.9654135338345865, ""bird"": 0.8908999497234792, ""cat"": 0.8284435604177026, ""deer"": 0.9222387320455672, ""dog"": 0.8705179282868526, ""frog"": 0.9417040358744395, ""horse"": 0.9446419502285424, ""ship"": 0.9563058589870904, ""truck"": 0.9519038076152304}","[[922, 2, 26, 15, 4, 0, 1, 2, 25, 3], [3, 963, 0, 2, 1, 0, 1, 0, 5, 25], [17, 0, 886, 28, 18, 11, 26, 11, 2, 1], [5, 1, 23, 833, 25, 76, 20, 9, 4, 4], [0, 1, 19, 15, 931, 16, 6, 10, 1, 1], [3, 0, 12, 78, 19, 874, 3, 7, 2, 2], [6, 0, 13, 21, 4, 8, 945, 0, 2, 1], [5, 0, 6, 14, 17, 23, 2, 930, 0, 3], [20, 6, 2, 1, 0, 0, 2, 0, 963, 6], [11, 22, 2, 4, 0, 0, 1, 0, 10, 950]]","{""train_loss"": [1.4107054256969027, 0.9857590568754409, 0.7984555353482564, 0.7009354610972934, 0.6225639712227715, 0.5697213250901964, 0.516728667418162, 0.4780337564521366, 0.43996269716156855, 0.4079572978761461, 0.37272290704515243, 0.3422799371295505, 0.3138661080174976, 0.28367385251786975, 0.25260929254690806, 0.22304547156757779, 0.19896311450269488, 0.16793518682320913, 0.1432492076953252, 0.11699727196031147, 0.0973663846678204, 0.08332497267458173, 0.07123804412947761, 0.06396707254250844, 0.05687793169551426], ""val_loss"": [1.2284199340820312, 1.0301517990112306, 0.8821234283447266, 0.8108766410827637, 0.7879227734565735, 0.8964154014587402, 0.5396208660125732, 0.6147124744415283, 0.4907741073608398, 0.6331713647842407, 0.499855949306488, 0.41794026293754577, 0.41851333990097045, 0.39976879291534423, 0.3921888746500015, 0.34534598298072816, 0.3647653950691223, 0.3320481568336487, 0.2876292742729187, 0.299927580165863, 0.2810406774520874, 0.27976860036849976, 0.2754276618003845, 0.2763993616104126, 0.2763758875846863], ""train_acc"": [0.48164444444444443, 0.6486222222222222, 0.7203333333333334, 0.7586, 0.7862222222222223, 0.8045777777777777, 0.8231333333333334, 0.8376, 0.8487555555555556, 0.8605111111111111, 0.8728222222222223, 0.8821777777777777, 0.8933777777777778, 0.9036, 0.9130444444444444, 0.9242666666666667, 0.9319333333333333, 0.9440222222222222, 0.9515333333333333, 0.9615777777777778, 0.9672888888888889, 0.9724444444444444, 0.9772222222222222, 0.9794, 0.9826666666666667], ""val_acc"": [0.5722, 0.6576, 0.7038, 0.7382, 0.7372, 0.7324, 0.814, 0.7976, 0.8392, 0.8056, 0.8354, 0.8582, 0.8566, 0.875, 0.8692, 0.8858, 0.8828, 0.894, 0.909, 0.9078, 0.9192, 0.92, 0.9202, 0.922, 0.9208]}",cuda,NVIDIA A100-SXM4-40GB
C7,resnet18,crop_flip,adamw,0,0.001,0.0005,128,25,25,18,0.2905075189113617,153.73286199569702,11173962,0.33036489048004153,0.9064,0.9062882466335778,"{""airplane"": 0.9136546184738956, ""automobile"": 0.9564356435643564, ""bird"": 0.8185961713764813, ""cat"": 0.8166501486620417, ""deer"": 0.8948393378773125, ""dog"": 0.919953596287703, ""frog"": 0.9319319319319319, ""horse"": 0.93419740777667, ""ship"": 0.9239653512993262, ""truck"": 0.9665970772442589}","{""airplane"": 0.91, ""automobile"": 0.966, ""bird"": 0.898, ""cat"": 0.824, ""deer"": 0.919, ""dog"": 0.793, ""frog"": 0.931, ""horse"": 0.937, ""ship"": 0.96, ""truck"": 0.926}","{""airplane"": 0.9118236472945892, ""automobile"": 0.9611940298507463, ""bird"": 0.8564616118264187, ""cat"": 0.8203086112493778, ""deer"": 0.9067587567834238, ""dog"": 0.8517722878625135, ""frog"": 0.9314657328664332, ""horse"": 0.9355966050923614, ""ship"": 0.9416380578715057, ""truck"": 0.9458631256384066}","[[910, 6, 24, 9, 7, 0, 7, 3, 30, 4], [7, 966, 0, 0, 1, 0, 1, 0, 7, 18], [16, 0, 898, 20, 31, 3, 17, 11, 3, 1], [9, 1, 45, 824, 24, 47, 26, 13, 7, 4], [1, 1, 29, 17, 919, 6, 9, 16, 2, 0], [7, 0, 48, 105, 22, 793, 5, 19, 1, 0], [4, 1, 33, 16, 6, 2, 931, 3, 3, 1], [4, 0, 13, 13, 17, 11, 2, 937, 1, 2], [25, 7, 4, 2, 0, 0, 0, 0, 960, 2], [13, 28, 3, 3, 0, 0, 1, 1, 25, 926]]","{""train_loss"": [1.3682081559499104, 0.9080696939892239, 0.7165337612681919, 0.6002004694726732, 0.5249470077408684, 0.4688182128217485, 0.42116077405081853, 0.36922373864120905, 0.33558667827712163, 0.30011446957588195, 0.2712189773188697, 0.23886733952628242, 0.2151018127123515, 0.18893426582813264, 0.1621510204659568, 0.1437504874812232, 0.12043230235311721, 0.09979069360494613, 0.08464831243488524, 0.06888679858777258, 0.05683801624046431, 0.04917472299469842, 0.04444889145957099, 0.04155849849085013, 0.038658971743451225], ""val_loss"": [1.3699316925048828, 0.8539197250366211, 0.7216798879623413, 0.627548533821106, 0.5611759225845336, 0.5300675259590149, 0.42291649475097653, 0.5387887146949768, 0.46318127069473264, 0.43772555379867556, 0.43042651901245116, 0.34752767176628113, 0.3595187972068787, 0.3153659704208374, 0.3143425679683685, 0.3076776894330978, 0.2942570655822754, 0.2905075189113617, 0.29467766337394713, 0.29322712795734407, 0.3000533865213394, 0.29785591943264006, 0.2930130753517151, 0.2954776325941086, 0.2963819343090057], ""train_acc"": [0.5006666666666667, 0.6766444444444445, 0.7501555555555556, 0.7898666666666667, 0.8193777777777778, 0.8375111111111111, 0.8536, 0.8711777777777778, 0.8841555555555556, 0.8950222222222223, 0.9055777777777778, 0.9173111111111111, 0.9251111111111111, 0.9337333333333333, 0.9431555555555555, 0.9496, 0.9579777777777778, 0.9648222222222222, 0.9712888888888889, 0.9764666666666667, 0.9810888888888889, 0.9835555555555555, 0.9856, 0.986, 0.9871555555555556], ""val_acc"": [0.547, 0.6984, 0.7426, 0.7806, 0.804, 0.8208, 0.8536, 0.8302, 0.8448, 0.8604, 0.8588, 0.882, 0.8908, 0.9014, 0.9052, 0.9086, 0.9114, 0.9136, 0.9152, 0.9168, 0.9218, 0.92, 0.9214, 0.9252, 0.9258]}",cuda,NVIDIA A100-SXM4-40GB
C7,resnet18,crop_flip,adamw,1,0.001,0.0005,128,25,25,17,0.3004683988571167,155.08613896369934,11173962,0.34774761953353883,0.899,0.8982106123796095,"{""airplane"": 0.8583032490974729, ""automobile"": 0.9375600384245918, ""bird"": 0.8412852969814996, ""cat"": 0.8900255754475703, ""deer"": 0.898406374501992, ""dog"": 0.7922874671340929, ""frog"": 0.9420289855072463, ""horse"": 0.9376278118609407, ""ship"": 0.963302752293578, ""truck"": 0.9516460905349794}","{""airplane"": 0.951, ""automobile"": 0.976, ""bird"": 0.864, ""cat"": 0.696, ""deer"": 0.902, ""dog"": 0.904, ""frog"": 0.91, ""horse"": 0.917, ""ship"": 0.945, ""truck"": 0.925}","{""airplane"": 0.9022770398481973, ""automobile"": 0.9563939245467908, ""bird"": 0.852491366551554, ""cat"": 0.7811447811447811, ""deer"": 0.9001996007984032, ""dog"": 0.844465203176086, ""frog"": 0.9257375381485249, ""horse"": 0.9271991911021233, ""ship"": 0.9540636042402827, ""truck"": 0.9381338742393509}","[[951, 6, 14, 2, 3, 1, 0, 3, 14, 6], [8, 976, 1, 0, 0, 0, 0, 0, 2, 13], [47, 0, 864, 12, 27, 18, 20, 9, 2, 1], [27, 1, 44, 696, 28, 152, 22, 18, 5, 7], [7, 1, 32, 6, 902, 22, 10, 14, 4, 2], [5, 0, 17, 41, 18, 904, 3, 9, 0, 3], [7, 0, 37, 20, 9, 8, 910, 5, 2, 2], [12, 0, 12, 2, 17, 35, 0, 917, 1, 4], [30, 11, 3, 1, 0, 0, 0, 1, 945, 9], [14, 46, 3, 2, 0, 1, 1, 2, 6, 925]]","{""train_loss"": [1.4042377124150593, 0.9506715471161736, 0.740604952038659, 0.61571173508962, 0.5333669946723514, 0.46607971670362686, 0.41836885053846573, 0.37318611342112223, 0.3368603809674581, 0.2974800488366021, 0.2706407815933228, 0.23891630964279176, 0.21370652085410224, 0.18439401492012872, 0.16369715657896466, 0.14219178895288043, 0.12096908124784629, 0.10320909888744355, 0.08704894384808011, 0.06885326865845257, 0.05966342551641994, 0.05396778079403771, 0.04818577774928676, 0.041515515054596795, 0.04057853265272247], ""val_loss"": [1.1436519134521483, 0.9582830123901367, 0.8198183941841125, 0.6714093569278717, 0.5658871851921081, 0.5351284948348999, 0.5524669464111328, 0.4709675848007202, 0.4919703105926514, 0.34732660264968873, 0.3831347679615021, 0.372043217420578, 0.36295455045700076, 0.3195433148384094, 0.30968776874542236, 0.3179116700172424, 0.3004683988571167, 0.3068192995071411, 0.30818095149993896, 0.30204115591049197, 0.3089344301223755, 0.30803692741394045, 0.30300672302246096, 0.3044682633399963, 0.30140249586105344], ""train_acc"": [0.48631111111111114, 0.6627111111111111, 0.7412222222222222, 0.7859777777777778, 0.8156222222222222, 0.8394222222222222, 0.8551555555555556, 0.8712888888888889, 0.8846222222222222, 0.8964, 0.9052888888888889, 0.9170222222222222, 0.9251555555555555, 0.9364444444444444, 0.9429555555555555, 0.9501555555555555, 0.9582222222222222, 0.9639777777777778, 0.9702222222222222, 0.9760444444444445, 0.9796444444444444, 0.9819777777777777, 0.9836888888888888, 0.9861111111111112, 0.9868444444444444], ""val_acc"": [0.5988, 0.6746, 0.7274, 0.7756, 0.8114, 0.8198, 0.821, 0.8412, 0.844, 0.8826, 0.8768, 0.8784, 0.8914, 0.898, 0.9018, 0.907, 0.91, 0.9086, 0.912, 0.9158, 0.9126, 0.9154, 0.9154, 0.9184, 0.919]}",cuda,NVIDIA A100-SXM4-40GB
C7,resnet18,crop_flip,adamw,2,0.001,0.0005,128,25,25,25,0.3132039312362671,154.63250279426575,11173962,0.3445410298347473,0.9134,0.9132318367036817,"{""airplane"": 0.9110671936758893, ""automobile"": 0.958291956305859, ""bird"": 0.8927477017364658, ""cat"": 0.8376690946930281, ""deer"": 0.8901846452866861, ""dog"": 0.8596837944664032, ""frog"": 0.9257086999022482, ""horse"": 0.9447236180904522, ""ship"": 0.9651639344262295, ""truck"": 0.9473161033797217}","{""airplane"": 0.922, ""automobile"": 0.965, ""bird"": 0.874, ""cat"": 0.805, ""deer"": 0.916, ""dog"": 0.87, ""frog"": 0.947, ""horse"": 0.94, ""ship"": 0.942, ""truck"": 0.953}","{""airplane"": 0.9165009940357853, ""automobile"": 0.9616342800199302, ""bird"": 0.8832743810005053, ""cat"": 0.8210096889342172, ""deer"": 0.9029078363725973, ""dog"": 0.8648111332007953, ""frog"": 0.9362333168561542, ""horse"": 0.9423558897243107, ""ship"": 0.9534412955465587, ""truck"": 0.9501495513459621}","[[922, 4, 24, 9, 6, 3, 2, 5, 17, 8], [7, 965, 1, 0, 1, 1, 1, 0, 3, 21], [20, 0, 874, 23, 29, 14, 27, 8, 3, 2], [8, 1, 21, 805, 33, 86, 22, 15, 3, 6], [4, 2, 20, 19, 916, 12, 12, 15, 0, 0], [7, 0, 12, 74, 22, 870, 5, 10, 0, 0], [4, 0, 17, 15, 6, 6, 947, 2, 2, 1], [5, 0, 7, 10, 14, 19, 2, 940, 0, 3], [28, 9, 1, 3, 1, 1, 3, 0, 942, 12], [7, 26, 2, 3, 1, 0, 2, 0, 6, 953]]","{""train_loss"": [1.401836888970269, 0.9316466119130452, 0.7224765513314141, 0.6096717570728726, 0.5277319246715969, 0.47263225793838504, 0.41844352010091146, 0.3826274649249183, 0.33758171452416313, 0.3073108827167087, 0.27485537719196745, 0.2481890481577979, 0.21933462473021614, 0.19434815434879726, 0.16592735953794585, 0.142426262931029, 0.12354569398562114, 0.10099659889539082, 0.08415368304517534, 0.07187664283712705, 0.061391143782933554, 0.053683652342028085, 0.04690020112461514, 0.04215304675102234, 0.03991484039227168], ""val_loss"": [1.633847283935547, 0.8330091583251953, 0.6754276309967041, 0.6627498886108398, 0.6343822368621826, 0.6101331938743592, 0.5041035234451294, 0.5116136274337768, 0.4203747823238373, 0.495558868598938, 0.4050911717414856, 0.36029186816215514, 0.36900673196315764, 0.3407080307006836, 0.35929736042022703, 0.32415957107543947, 0.36876534061431887, 0.3443291858673096, 0.32761589968204496, 0.3333936141967773, 0.3171385120868683, 0.3223459400653839, 0.3156655868053436, 0.31679012079238894, 0.3132039312362671], ""train_acc"": [0.4836, 0.6661333333333334, 0.7469777777777777, 0.7879777777777778, 0.8186888888888889, 0.8351777777777778, 0.8542666666666666, 0.8676888888888888, 0.8818222222222222, 0.8929333333333334, 0.9041111111111111, 0.9123555555555556, 0.9238444444444445, 0.9325111111111111, 0.9410888888888889, 0.9504888888888889, 0.9572222222222222, 0.9645111111111111, 0.9704444444444444, 0.9750888888888889, 0.9788, 0.9827777777777778, 0.9843777777777778, 0.9862444444444445, 0.9873333333333333], ""val_acc"": [0.505, 0.7202, 0.7658, 0.7796, 0.7878, 0.798, 0.8324, 0.8334, 0.8594, 0.85, 0.8732, 0.883, 0.8822, 0.8942, 0.8898, 0.9018, 0.8978, 0.907, 0.9102, 0.912, 0.9146, 0.9184, 0.9186, 0.9206, 0.9194]}",cuda,NVIDIA A100-SXM4-40GB
