config_id,architecture,augmentation,optimizer,seed,lr,weight_decay,batch_size,epoch_budget,epochs_run,early_stopped,best_epoch,best_val_loss,train_time_seconds,num_params,test_loss,test_accuracy,test_macro_f1,precision_per_class,recall_per_class,f1_per_class,confusion_matrix,history,device,gpu
C1,resnet18,crop_flip,sgd,0,0.1,0.0005,128,25,25,False,24,0.2248933822631836,206.67112112045288,11173962,0.23093883266448975,0.9314,0.9312464006166883,"{""airplane"": 0.9282153539381854, ""automobile"": 0.9679037111334002, ""bird"": 0.8994082840236687, ""cat"": 0.8766839378238342, ""deer"": 0.9329388560157791, ""dog"": 0.8992878942014242, ""frog"": 0.9318403115871471, ""horse"": 0.9587109768378651, ""ship"": 0.9610778443113772, ""truck"": 0.9560878243512974}","{""airplane"": 0.931, ""automobile"": 0.965, ""bird"": 0.912, ""cat"": 0.846, ""deer"": 0.946, ""dog"": 0.884, ""frog"": 0.957, ""horse"": 0.952, ""ship"": 0.963, ""truck"": 0.958}","{""airplane"": 0.9296055916125812, ""automobile"": 0.9664496745117677, ""bird"": 0.9056603773584906, ""cat"": 0.8610687022900764, ""deer"": 0.9394240317775571, ""dog"": 0.8915784165405951, ""frog"": 0.9442525900345338, ""horse"": 0.9553437029603613, ""ship"": 0.962037962037962, ""truck"": 0.957042957042957}","[[931, 3, 23, 6, 2, 0, 5, 2, 22, 6], [4, 965, 0, 1, 0, 0, 1, 0, 2, 27], [17, 0, 912, 16, 16, 12, 17, 7, 2, 1], [7, 1, 25, 846, 18, 61, 26, 9, 5, 2], [2, 0, 16, 9, 946, 8, 10, 9, 0, 0], [6, 0, 11, 66, 15, 884, 7, 11, 0, 0], [5, 0, 16, 10, 4, 2, 957, 3, 2, 1], [5, 0, 7, 5, 13, 16, 1, 952, 0, 1], [20, 4, 3, 2, 0, 0, 2, 0, 963, 6], [6, 24, 1, 4, 0, 0, 1, 0, 6, 958]]","{""train_loss"": [1.9359796658409967, 1.411713192176819, 0.9666074245452881, 0.7690669338862102, 0.6198733913421631, 0.5529630317105187, 0.5021830266210768, 0.4614814484172397, 0.427947838889228, 0.3992992370605469, 0.38127792359458074, 0.3536792534828186, 0.324391903034846, 0.30611234000788795, 0.2763748606363932, 0.24756518480512832, 0.21843255102369522, 0.18587838570541806, 0.15530263124836816, 0.12133693194919162, 0.08805420905219184, 0.06723965913852056, 0.04958653924862544, 0.03863446953594685, 0.03363713992006249], ""val_loss"": [1.6700634765625, 1.3325341918945313, 0.807734593963623, 0.8423071217536926, 1.0435295074462891, 0.7825360034942627, 0.6458279741287232, 0.6333710240364074, 0.6169992369174957, 0.47783560848236084, 0.41205864114761354, 0.4313551878929138, 0.4780684860229492, 0.41702393226623535, 0.44525416452884675, 0.35782703306674957, 0.31529347248077394, 0.3326645850658417, 0.3099294368743897, 0.28236860535144803, 0.260984493637085, 0.24132857089042664, 0.2365625478744507, 0.2248933822631836, 0.22729286069869994], ""train_acc"": [0.2806222222222222, 0.4933777777777778, 0.6598222222222222, 0.7318666666666667, 0.7865111111111112, 0.8094888888888889, 0.8279333333333333, 0.8414, 0.8524444444444444, 0.8637555555555556, 0.8688888888888889, 0.8784666666666666, 0.8888666666666667, 0.8946444444444445, 0.9055111111111112, 0.9155111111111112, 0.9257555555555556, 0.9353111111111111, 0.9461777777777778, 0.9585333333333333, 0.9706222222222223, 0.9787333333333333, 0.9845333333333334, 0.9884666666666667, 0.9908222222222223], ""val_acc"": [0.3738, 0.5776, 0.7226, 0.715, 0.685, 0.7422, 0.7796, 0.7866, 0.7936, 0.8414, 0.8564, 0.8518, 0.8442, 0.8682, 0.8518, 0.8828, 0.8954, 0.8914, 0.904, 0.915, 0.923, 0.9298, 0.9312, 0.933, 0.9332]}",cuda,NVIDIA A100-SXM4-40GB
C1,resnet18,crop_flip,sgd,0,0.1,0.0005,128,25,25,False,24,0.21488268830776214,161.73536658287048,11173962,0.2249799909591675,0.9328,0.932801541634604,"{""airplane"": 0.9224730127576055, ""automobile"": 0.9661016949152542, ""bird"": 0.9200819672131147, ""cat"": 0.8522504892367906, ""deer"": 0.9374379344587885, ""dog"": 0.9045174537987679, ""frog"": 0.9390363815142576, ""horse"": 0.9605263157894737, ""ship"": 0.9676767676767677, ""truck"": 0.9591633466135459}","{""airplane"": 0.94, ""automobile"": 0.969, ""bird"": 0.898, ""cat"": 0.871, ""deer"": 0.944, ""dog"": 0.881, ""frog"": 0.955, ""horse"": 0.949, ""ship"": 0.958, ""truck"": 0.963}","{""airplane"": 0.9311540366518078, ""automobile"": 0.9675486769845232, ""bird"": 0.9089068825910931, ""cat"": 0.8615232443125618, ""deer"": 0.9407075236671649, ""dog"": 0.8926038500506586, ""frog"": 0.946950917203768, ""horse"": 0.954728370221328, ""ship"": 0.9628140703517588, ""truck"": 0.9610778443113772}","[[940, 4, 16, 11, 3, 0, 2, 0, 18, 6], [5, 969, 0, 0, 0, 0, 0, 0, 4, 22], [15, 0, 898, 20, 17, 13, 27, 7, 2, 1], [9, 2, 12, 871, 18, 57, 20, 7, 2, 2], [2, 1, 12, 13, 944, 9, 8, 11, 0, 0], [4, 0, 12, 77, 11, 881, 4, 11, 0, 0], [4, 0, 18, 15, 4, 2, 955, 1, 1, 0], [9, 0, 5, 11, 10, 12, 1, 949, 1, 2], [23, 6, 3, 1, 0, 0, 0, 1, 958, 8], [8, 21, 0, 3, 0, 0, 0, 1, 4, 963]]","{""train_loss"": [1.9346173610475328, 1.4146474233415391, 0.9789582226859199, 0.771999334886339, 0.6268584033330281, 0.556723780324724, 0.504280724451277, 0.4591390776422289, 0.43123939543830025, 0.4048186881118351, 0.38027669160101146, 0.3590091053644816, 0.3308035343117184, 0.3056577907615238, 0.2772105167971717, 0.25302787410683103, 0.22218295329941642, 0.18719788706567553, 0.15592977797720167, 0.12244485233227412, 0.08940527822706434, 0.06787390800449583, 0.05061716772582796, 0.04023564320173528, 0.03497453575001823], ""val_loss"": [1.6615775390625, 1.183562419128418, 0.812413921546936, 0.7842545318603515, 0.6666535082817078, 0.677892852973938, 0.6705166888237, 0.5741720115661622, 0.6626499969482422, 0.5318354027748108, 0.4856947988510132, 0.5098819828033447, 0.5595754250049592, 0.3855639551401138, 0.3819755180358887, 0.35263427414894105, 0.31458946590423587, 0.33180677070617676, 0.30857639381885527, 0.28109064133167266, 0.2540265971660614, 0.2279777494430542, 0.22056134040355682, 0.21488268830776214, 0.21617204766273498], ""train_acc"": [0.27926666666666666, 0.4941333333333333, 0.6586666666666666, 0.7310888888888889, 0.7846666666666666, 0.8091777777777778, 0.8273555555555555, 0.841, 0.8516666666666667, 0.8624666666666667, 0.8697555555555555, 0.8759555555555556, 0.8872444444444444, 0.8954666666666666, 0.9046222222222222, 0.9133777777777777, 0.9232666666666667, 0.9357111111111112, 0.9469555555555556, 0.9588, 0.9711777777777778, 0.9780888888888889, 0.9845555555555555, 0.9878666666666667, 0.9905555555555555], ""val_acc"": [0.3802, 0.587, 0.7198, 0.7366, 0.7712, 0.7776, 0.7714, 0.8068, 0.7748, 0.8204, 0.8378, 0.8378, 0.8122, 0.8692, 0.8698, 0.8828, 0.895, 0.891, 0.8986, 0.9108, 0.9202, 0.9278, 0.9292, 0.9338, 0.9326]}",cuda,NVIDIA A100-SXM4-40GB
C1,resnet18,crop_flip,sgd,1,0.1,0.0005,128,25,25,False,25,0.2179530513048172,161.75353932380676,11173962,0.22621482210159302,0.9323,0.9322061267530086,"{""airplane"": 0.929493545183714, ""automobile"": 0.9625246548323472, ""bird"": 0.92173017507724, ""cat"": 0.858148893360161, ""deer"": 0.9263261296660118, ""dog"": 0.8962739174219537, ""frog"": 0.9392752203721841, ""horse"": 0.9665653495440729, ""ship"": 0.9573412698412699, ""truck"": 0.9645390070921985}","{""airplane"": 0.936, ""automobile"": 0.976, ""bird"": 0.895, ""cat"": 0.853, ""deer"": 0.943, ""dog"": 0.89, ""frog"": 0.959, ""horse"": 0.954, ""ship"": 0.965, ""truck"": 0.952}","{""airplane"": 0.9327354260089686, ""automobile"": 0.9692154915590864, ""bird"": 0.9081684424150177, ""cat"": 0.8555667001003009, ""deer"": 0.9345887016848364, ""dog"": 0.8931259407927747, ""frog"": 0.9490351311232064, ""horse"": 0.9602415702063413, ""ship"": 0.9611553784860558, ""truck"": 0.9582284851534978}","[[936, 5, 17, 7, 3, 2, 2, 0, 19, 9], [3, 976, 0, 0, 1, 0, 0, 0, 2, 18], [16, 0, 895, 23, 19, 10, 24, 10, 3, 0], [8, 1, 14, 853, 22, 62, 26, 6, 7, 1], [3, 1, 17, 10, 943, 12, 6, 7, 1, 0], [2, 2, 11, 69, 16, 890, 2, 8, 0, 0], [4, 0, 12, 16, 3, 3, 959, 2, 0, 1], [5, 0, 3, 11, 10, 14, 1, 954, 1, 1], [19, 6, 2, 3, 0, 0, 0, 0, 965, 5], [11, 23, 0, 2, 1, 0, 1, 0, 10, 952]]","{""train_loss"": [1.9033428276909723, 1.4372219330469767, 1.0034764069875082, 0.7782418940438165, 0.6308559813605414, 0.5501745244661967, 0.5015666337966919, 0.465330757522583, 0.42798472739325627, 0.39971640102598405, 0.3808445922957526, 0.3509952863852183, 0.3286994035191006, 0.30041490790049236, 0.276125397766961, 0.25034715258810253, 0.2167285791767968, 0.18566383635203043, 0.1547725900835461, 0.11943283424377442, 0.09093156609005398, 0.0666991585585806, 0.05134103317260742, 0.03860211647599936, 0.03273541579445203], ""val_loss"": [1.6606537353515625, 1.3067423217773437, 0.9906726928710937, 0.8179718935012817, 0.7233787797927856, 1.0033758041381835, 0.6145793704986572, 0.577099323129654, 0.5530198841094971, 0.5754249852895736, 0.5317596742630005, 0.5841243401527405, 0.4341208161354065, 0.38763039884567263, 0.38956825714111326, 0.36172023215293886, 0.33353469696044924, 0.2913330720901489, 0.28749558978080747, 0.27731731243133545, 0.26064013004302977, 0.25712213468551637, 0.22613004646301268, 0.22166681191921234, 0.2179530513048172], ""train_acc"": [0.29213333333333336, 0.48373333333333335, 0.6459111111111111, 0.7307555555555556, 0.7833111111111111, 0.8102666666666667, 0.8277333333333333, 0.8414444444444444, 0.8526222222222222, 0.8624888888888889, 0.8694, 0.8802444444444445, 0.8877333333333334, 0.8972666666666667, 0.9059111111111111, 0.9125777777777778, 0.9258888888888889, 0.9366444444444444, 0.9480666666666666, 0.9586222222222223, 0.9696, 0.9781111111111112, 0.9838888888888889, 0.9891555555555556, 0.9907555555555555], ""val_acc"": [0.3716, 0.5502, 0.679, 0.7242, 0.7536, 0.684, 0.7896, 0.809, 0.8236, 0.8072, 0.8298, 0.801, 0.8592, 0.8674, 0.8706, 0.8798, 0.891, 0.9052, 0.9094, 0.9128, 0.9196, 0.9234, 0.9326, 0.9356, 0.9366]}",cuda,NVIDIA A100-SXM4-40GB
C1,resnet18,crop_flip,sgd,2,0.1,0.0005,128,25,25,False,23,0.2164123492717743,163.10848903656006,11173962,0.23381715488433838,0.9303,0.9302239953243371,"{""airplane"": 0.9236868186323092, ""automobile"": 0.9680957128614157, ""bird"": 0.9161616161616162, ""cat"": 0.8768267223382046, ""deer"": 0.9195289499509323, ""dog"": 0.8691860465116279, ""frog"": 0.9558232931726908, ""horse"": 0.9546370967741935, ""ship"": 0.9628886659979939, ""truck"": 0.9561752988047809}","{""airplane"": 0.932, ""automobile"": 0.971, ""bird"": 0.907, ""cat"": 0.84, ""deer"": 0.937, ""dog"": 0.897, ""frog"": 0.952, ""horse"": 0.947, ""ship"": 0.96, ""truck"": 0.96}","{""airplane"": 0.9278247884519661, ""automobile"": 0.9695456814777833, ""bird"": 0.9115577889447236, ""cat"": 0.8580183861082737, ""deer"": 0.9281822684497276, ""dog"": 0.8828740157480315, ""frog"": 0.9539078156312625, ""horse"": 0.9508032128514057, ""ship"": 0.9614421632448673, ""truck"": 0.9580838323353293}","[[932, 2, 16, 5, 5, 0, 3, 2, 23, 12], [3, 971, 0, 1, 1, 0, 0, 0, 4, 20], [23, 0, 907, 18, 19, 14, 11, 6, 1, 1], [7, 1, 11, 840, 23, 82, 20, 12, 2, 2], [2, 1, 15, 12, 937, 13, 8, 11, 1, 0], [4, 0, 15, 59, 11, 897, 2, 11, 0, 1], [6, 0, 16, 14, 5, 4, 952, 1, 1, 1], [4, 0, 3, 7, 15, 22, 0, 947, 0, 2], [19, 6, 6, 1, 2, 0, 0, 1, 960, 5], [9, 22, 1, 1, 1, 0, 0, 1, 5, 960]]","{""train_loss"": [1.914285188844469, 1.421578030819363, 0.9985311887529161, 0.7777633799658882, 0.6300357637352414, 0.5544636089642843, 0.5048231132454343, 0.4658107851293352, 0.4333998067643907, 0.40956547984017266, 0.37798615969551935, 0.35251333651012845, 0.3316425429715051, 0.30458831781811185, 0.28011757610109117, 0.24893695265187157, 0.21883279436429343, 0.18867806017663744, 0.15110940633349948, 0.12150802077717252, 0.09543109481864505, 0.06716357960369852, 0.05064381285773383, 0.03916129702395863, 0.03314938513967726], ""val_loss"": [1.63418125, 1.180039727783203, 0.9519755508422851, 0.915072842502594, 0.6199228595733642, 0.6863259115219116, 0.7754068313598633, 0.5717871536254883, 0.5063433488845825, 0.5871448229789734, 0.6622996566057205, 0.6220124629497528, 0.6039091750144958, 0.5410631982326508, 0.4043127732038498, 0.3669669653892517, 0.35265375595092774, 0.3175651648521423, 0.29827588031291963, 0.2753616805076599, 0.27726017370224, 0.23982416088581085, 0.2164123492717743, 0.21876855771541595, 0.21795962958335877], ""train_acc"": [0.2871111111111111, 0.48733333333333334, 0.6484, 0.7302, 0.7827333333333333, 0.8081555555555555, 0.8266444444444444, 0.841, 0.8533555555555555, 0.8586888888888888, 0.8696222222222222, 0.8779111111111111, 0.8843333333333333, 0.8948, 0.9032, 0.9146222222222222, 0.9256888888888889, 0.9358444444444445, 0.9486666666666667, 0.9583333333333334, 0.9682666666666667, 0.9786444444444444, 0.9840666666666666, 0.9878888888888889, 0.9906444444444444], ""val_acc"": [0.3868, 0.5946, 0.6904, 0.7088, 0.78, 0.766, 0.741, 0.8048, 0.8298, 0.8066, 0.7828, 0.8134, 0.8122, 0.8254, 0.8642, 0.8786, 0.8876, 0.8978, 0.9018, 0.9132, 0.913, 0.9268, 0.9324, 0.9344, 0.933]}",cuda,NVIDIA A100-SXM4-40GB
C2,simple_cnn,crop_flip,sgd,0,0.1,0.0005,128,25,10,True,3,0.9791103637695312,50.79858374595642,620362,1.0090339111328126,0.6503,0.6434926285864891,"{""airplane"": 0.6283891547049442, ""automobile"": 0.8109010011123471, ""bird"": 0.5891016200294551, ""cat"": 0.5370370370370371, ""deer"": 0.6093143596377749, ""dog"": 0.5397775876817793, ""frog"": 0.618510158013544, ""horse"": 0.6257961783439491, ""ship"": 0.8717277486910995, ""truck"": 0.7172167707404103}","{""airplane"": 0.788, ""automobile"": 0.729, ""bird"": 0.4, ""cat"": 0.406, ""deer"": 0.471, ""dog"": 0.631, ""frog"": 0.822, ""horse"": 0.786, ""ship"": 0.666, ""truck"": 0.804}","{""airplane"": 0.6992014196983141, ""automobile"": 0.7677725118483413, ""bird"": 0.47647409172126265, ""cat"": 0.4624145785876993, ""deer"": 0.5313028764805414, ""dog"": 0.5818349469801752, ""frog"": 0.7058823529411765, ""horse"": 0.6968085106382979, ""ship"": 0.7551020408163265, ""truck"": 0.7581329561527581}","[[788, 18, 33, 28, 12, 9, 13, 21, 40, 38], [29, 729, 3, 8, 3, 8, 12, 11, 8, 189], [116, 2, 400, 40, 74, 129, 141, 69, 10, 19], [31, 9, 50, 406, 80, 202, 130, 69, 9, 14], [43, 4, 84, 48, 471, 50, 133, 161, 5, 1], [19, 5, 41, 132, 52, 631, 47, 64, 3, 6], [5, 4, 38, 38, 34, 30, 822, 20, 7, 2], [13, 2, 17, 21, 37, 93, 15, 786, 2, 14], [164, 61, 11, 23, 7, 11, 10, 13, 666, 34], [46, 65, 2, 12, 3, 6, 6, 42, 14, 804]]","{""train_loss"": [2.277279860941569, 1.6057385555479262, 1.2795595042970445, NaN, NaN, NaN, NaN, NaN, NaN, NaN], ""val_loss"": [2.216190625, 1.2673447113037108, 0.9791103637695312, NaN, NaN, NaN, NaN, NaN, NaN, NaN], ""train_acc"": [0.16444444444444445, 0.41717777777777776, 0.5467555555555556, 0.10877777777777778, 0.1, 0.1, 0.1, 0.1, 0.1, 0.1], ""val_acc"": [0.2362, 0.5414, 0.6526, 0.1, 0.1, 0.1, 0.1, 0.1, 0.1, 0.1]}",cuda,NVIDIA A100-SXM4-40GB
C2,simple_cnn,crop_flip,sgd,1,0.1,0.0005,128,25,25,False,25,0.39447373971939087,92.97748899459839,620362,0.4217982216835022,0.8625,0.8623521066183194,"{""airplane"": 0.8564500484966052, ""automobile"": 0.9272369714847591, ""bird"": 0.852910052910053, ""cat"": 0.7162293488824101, ""deer"": 0.854043392504931, ""dog"": 0.804004214963119, ""frog"": 0.8662239089184061, ""horse"": 0.8995943204868154, ""ship"": 0.9181636726546906, ""truck"": 0.9321685508735869}","{""airplane"": 0.883, ""automobile"": 0.943, ""bird"": 0.806, ""cat"": 0.737, ""deer"": 0.866, ""dog"": 0.763, ""frog"": 0.913, ""horse"": 0.887, ""ship"": 0.92, ""truck"": 0.907}","{""airplane"": 0.8695224027572624, ""automobile"": 0.9350520575111552, ""bird"": 0.8287917737789203, ""cat"": 0.7264662395268605, ""deer"": 0.8599801390268124, ""dog"": 0.7829656233966137, ""frog"": 0.8889970788704966, ""horse"": 0.8932527693856999, ""ship"": 0.919080919080919, ""truck"": 0.9194120628484541}","[[883, 8, 20, 15, 4, 4, 4, 8, 37, 17], [10, 943, 1, 2, 0, 1, 7, 0, 10, 26], [31, 0, 806, 37, 40, 30, 33, 12, 8, 3], [20, 3, 31, 737, 36, 97, 43, 21, 9, 3], [10, 2, 22, 28, 866, 16, 30, 24, 1, 1], [7, 1, 22, 135, 32, 763, 15, 22, 0, 3], [4, 2, 25, 34, 7, 12, 913, 1, 2, 0], [13, 4, 13, 25, 26, 24, 3, 887, 2, 3], [37, 10, 3, 8, 3, 0, 4, 5, 920, 10], [16, 44, 2, 8, 0, 2, 2, 6, 13, 907]]","{""train_loss"": [2.2591453124576146, 1.5842365905125937, 1.284979939142863, 1.2318125765482584, 1.1043079559432136, 1.0303778574837579, 0.9947483162350125, 0.9425066895802816, 0.8971224918471442, 0.8591747878604465, 0.8088969615724352, 0.77529070409139, 0.7153286144362556, 0.6685134289211697, 0.6239175451278687, 0.5801819751421611, 0.5296170358128018, 0.49126282403733995, 0.45297338190078734, 0.4150242216057248, 0.38360069208674963, 0.3579416976133982, 0.33351230252054004, 0.31605535191959805, 0.30814724429978263], ""val_loss"": [2.16185390625, 1.34708486328125, 1.049242448425293, 1.1025802768707276, 1.0894128635406495, 0.9748867107391357, 0.886654737854004, 0.9113325881958008, 0.8291660720825196, 0.8014160754203796, 0.7048524047851562, 0.7064367134094238, 0.6710794139862061, 0.6468856782913208, 0.5678108242988587, 0.5528639642715454, 0.5341632804870605, 0.5159794672012329, 0.4615950849056244, 0.4813657581329346, 0.4408203262329102, 0.420524889087677, 0.4060822479248047, 0.404347127532959, 0.39447373971939087], ""train_acc"": [0.16648888888888888, 0.42186666666666667, 0.5401111111111111, 0.5700222222222222, 0.6188888888888889, 0.6437777777777778, 0.6574, 0.6769111111111111, 0.6933333333333334, 0.7068222222222222, 0.7228222222222223, 0.7347555555555556, 0.7534666666666666, 0.7679111111111111, 0.7852444444444444, 0.8013777777777777, 0.8165555555555556, 0.8299333333333333, 0.8432222222222222, 0.8572222222222222, 0.8651777777777778, 0.8754666666666666, 0.8841777777777777, 0.8895777777777778, 0.8925333333333333], ""val_acc"": [0.2166, 0.5144, 0.6268, 0.6136, 0.6358, 0.66, 0.694, 0.6916, 0.7154, 0.725, 0.7556, 0.7604, 0.7748, 0.7756, 0.8044, 0.8136, 0.813, 0.8198, 0.8398, 0.8326, 0.847, 0.8514, 0.8628, 0.8592, 0.864]}",cuda,NVIDIA A100-SXM4-40GB
C2,simple_cnn,crop_flip,sgd,2,0.1,0.0005,128,25,25,False,25,0.40745700759887693,94.47844290733337,620362,0.43151112327575686,0.8532,0.8528919257771947,"{""airplane"": 0.8522504892367906, ""automobile"": 0.9332003988035892, ""bird"": 0.8267634854771784, ""cat"": 0.7004132231404959, ""deer"": 0.8537313432835821, ""dog"": 0.7588582677165354, ""frog"": 0.8691049085659288, ""horse"": 0.8932527693856999, ""ship"": 0.9218436873747495, ""truck"": 0.9183467741935484}","{""airplane"": 0.871, ""automobile"": 0.936, ""bird"": 0.797, ""cat"": 0.678, ""deer"": 0.858, ""dog"": 0.771, ""frog"": 0.903, ""horse"": 0.887, ""ship"": 0.92, ""truck"": 0.911}","{""airplane"": 0.8615232443125618, ""automobile"": 0.9345981028457314, ""bird"": 0.8116089613034623, ""cat"": 0.6890243902439024, ""deer"": 0.855860349127182, ""dog"": 0.7648809523809523, ""frog"": 0.885728298185385, ""horse"": 0.8901154039136979, ""ship"": 0.9209209209209209, ""truck"": 0.9146586345381527}","[[871, 10, 28, 13, 8, 2, 8, 8, 36, 16], [8, 936, 1, 4, 0, 2, 3, 1, 8, 37], [33, 2, 797, 36, 41, 43, 30, 11, 6, 1], [18, 2, 40, 678, 39, 130, 53, 22, 8, 10], [7, 1, 34, 30, 858, 23, 20, 25, 2, 0], [9, 1, 21, 129, 26, 771, 12, 29, 0, 2], [6, 2, 27, 36, 9, 11, 903, 1, 4, 1], [10, 3, 7, 27, 24, 32, 5, 887, 1, 4], [41, 9, 5, 9, 0, 1, 1, 4, 920, 10], [19, 37, 4, 6, 0, 1, 4, 5, 13, 911]]","{""train_loss"": [2.280902777820163, 1.5941328477859498, 1.262433108859592, 1.2002811800638835, 1.0722872468736437, 1.0418073437584772, 0.984922404162089, 0.9380748411390516, 0.8968489263958401, 0.8516999239179823, 0.8099149495548672, 0.7563979440901014, 0.7086592436790466, 0.6634370471000671, 0.6189336414019266, 0.5729248168097602, 0.528404566695955, 0.49421016567018294, 0.45146098317570155, 0.4155512722969055, 0.38259995861053464, 0.3561010682582855, 0.33320803253385756, 0.31698467082447473, 0.3023339870929718], ""val_loss"": [2.2236296875, 1.1998201538085937, 1.0961592742919921, 1.044560129928589, 0.9469687823295593, 1.0965270235061646, 0.932667236328125, 0.898303913974762, 0.8085333627700806, 0.8985958805084229, 0.732486163520813, 0.7133150638580322, 0.6601205070495606, 0.6462677652359009, 0.6178635717391968, 0.5919471512794494, 0.6061149666786194, 0.5163084182739258, 0.5383363006591797, 0.4576994583129883, 0.43289992771148683, 0.43481411304473877, 0.41320885782241823, 0.4094507821083069, 0.40745700759887693], ""train_acc"": [0.1557111111111111, 0.4149777777777778, 0.5516888888888889, 0.5810444444444445, 0.6279777777777777, 0.6433555555555556, 0.6620888888888888, 0.6784, 0.6944444444444444, 0.7084222222222222, 0.7241777777777778, 0.7390444444444444, 0.7576, 0.7697555555555555, 0.7873111111111111, 0.8020222222222222, 0.8176222222222223, 0.8295111111111111, 0.8428444444444444, 0.8558888888888889, 0.8663777777777778, 0.8759111111111111, 0.8840222222222223, 0.89, 0.8955555555555555], ""val_acc"": [0.2432, 0.567, 0.6128, 0.6384, 0.6712, 0.6268, 0.6752, 0.6984, 0.7236, 0.7022, 0.7464, 0.7544, 0.771, 0.7856, 0.7928, 0.7988, 0.7936, 0.8248, 0.8206, 0.8436, 0.85, 0.8498, 0.856, 0.853, 0.8552]}",cuda,NVIDIA A100-SXM4-40GB
C3,densenet121,crop_flip,sgd,0,0.1,0.0005,128,25,25,False,24,0.19745976507663726,901.3525862693787,6956426,0.21476730422973633,0.9386,0.9385604366193414,"{""airplane"": 0.9280155642023347, ""automobile"": 0.9767676767676767, ""bird"": 0.9290060851926978, ""cat"": 0.8816872427983539, ""deer"": 0.9297560975609757, ""dog"": 0.8900883218842002, ""frog"": 0.9600399600399601, ""horse"": 0.9635258358662614, ""ship"": 0.967644084934277, ""truck"": 0.9601196410767697}","{""airplane"": 0.954, ""automobile"": 0.967, ""bird"": 0.916, ""cat"": 0.857, ""deer"": 0.953, ""dog"": 0.907, ""frog"": 0.961, ""horse"": 0.951, ""ship"": 0.957, ""truck"": 0.963}","{""airplane"": 0.9408284023668639, ""automobile"": 0.9718592964824121, ""bird"": 0.9224572004028198, ""cat"": 0.8691683569979716, ""deer"": 0.9412345679012346, ""dog"": 0.8984645864289252, ""frog"": 0.960519740129935, ""horse"": 0.9572219426270759, ""ship"": 0.9622926093514329, ""truck"": 0.9615576635047429}","[[954, 2, 10, 10, 3, 0, 3, 2, 12, 4], [4, 967, 1, 0, 1, 0, 0, 0, 2, 25], [14, 0, 916, 18, 21, 13, 10, 7, 1, 0], [9, 0, 26, 857, 15, 66, 14, 8, 3, 2], [1, 0, 6, 13, 953, 14, 5, 7, 1, 0], [4, 0, 6, 55, 15, 907, 4, 9, 0, 0], [4, 0, 12, 10, 2, 6, 961, 1, 1, 3], [7, 0, 7, 7, 15, 13, 0, 951, 0, 0], [25, 7, 1, 0, 0, 0, 3, 1, 957, 6], [6, 14, 1, 2, 0, 0, 1, 1, 12, 963]]","{""train_loss"": [1.9848822482850816, 1.3250374740812514, 0.9452732838524712, 0.7179278046925862, 0.5651322341601054, 0.49502199047406514, 0.44883975817362465, 0.41497948812908597, 0.3870929877228207, 0.36421116195784675, 0.34132595240804886, 0.31982320278485615, 0.29760482127401566, 0.27215314665105605, 0.24730535411304896, 0.220125542140007, 0.19019144098758697, 0.16297488923337725, 0.1333123953157001, 0.09541012676291996, 0.0706883502834373, 0.049315262056721584, 0.03362338817053371, 0.023713057234552172, 0.019788055318262842], ""val_loss"": [1.753366064453125, 1.6756165832519532, 1.004405403137207, 0.7794069414138793, 0.6034349157333374, 0.7488198702812194, 0.6324380419254303, 0.5364883461952209, 0.4563038125038147, 0.604460025215149, 0.41286166167259214, 0.4445114337921143, 0.4371682518959045, 0.3254081105232239, 0.4880584105491638, 0.32328900859355925, 0.3502796061515808, 0.3077653175354004, 0.28797551395893095, 0.28140577156543733, 0.2369910939693451, 0.21536487867832182, 0.2033483064174652, 0.19745976507663726, 0.2006393539428711], ""train_acc"": [0.2781111111111111, 0.5178222222222222, 0.6655555555555556, 0.7522444444444445, 0.8043777777777777, 0.8298888888888889, 0.8462444444444445, 0.8564222222222222, 0.8663111111111111, 0.8740444444444444, 0.8811333333333333, 0.8899555555555556, 0.8984666666666666, 0.9067555555555555, 0.9151111111111111, 0.9248666666666666, 0.9346, 0.9439777777777778, 0.9544666666666667, 0.9686444444444444, 0.9766666666666667, 0.9843555555555555, 0.9902888888888889, 0.9930444444444444, 0.9951777777777778], ""val_acc"": [0.3456, 0.4736, 0.6654, 0.7362, 0.7864, 0.755, 0.7944, 0.8166, 0.8448, 0.793, 0.8576, 0.8484, 0.8542, 0.8896, 0.843, 0.888, 0.8894, 0.8994, 0.9116, 0.9158, 0.9286, 0.9374, 0.9402, 0.942, 0.942]}",cuda,NVIDIA A100-SXM4-40GB
C3,densenet121,crop_flip,sgd,1,0.1,0.0005,128,25,25,False,25,0.19773155856132507,719.0129764080048,6956426,0.19915832238197326,0.943,0.9429758584557242,"{""airplane"": 0.9491017964071856, ""automobile"": 0.9702380952380952, ""bird"": 0.9215491559086395, ""cat"": 0.8733668341708543, ""deer"": 0.930164888457808, ""dog"": 0.9076142131979695, ""frog"": 0.9619619619619619, ""horse"": 0.9755849440488301, ""ship"": 0.9748490945674044, ""truck"": 0.9658634538152611}","{""airplane"": 0.951, ""automobile"": 0.978, ""bird"": 0.928, ""cat"": 0.869, ""deer"": 0.959, ""dog"": 0.894, ""frog"": 0.961, ""horse"": 0.959, ""ship"": 0.969, ""truck"": 0.962}","{""airplane"": 0.9500499500499501, ""automobile"": 0.9741035856573705, ""bird"": 0.9247633283507724, ""cat"": 0.8711779448621554, ""deer"": 0.9443623830625307, ""dog"": 0.9007556675062972, ""frog"": 0.961480740370185, ""horse"": 0.9672213817448311, ""ship"": 0.9719157472417251, ""truck"": 0.9639278557114228}","[[951, 2, 17, 6, 4, 0, 3, 0, 12, 5], [1, 978, 0, 0, 0, 0, 0, 0, 3, 18], [11, 0, 928, 15, 18, 11, 11, 4, 2, 0], [7, 1, 22, 869, 19, 54, 15, 8, 2, 3], [1, 0, 9, 11, 959, 10, 6, 4, 0, 0], [6, 0, 10, 68, 12, 894, 2, 7, 0, 1], [3, 0, 14, 14, 5, 3, 961, 0, 0, 0], [3, 0, 3, 10, 13, 11, 0, 959, 0, 1], [13, 4, 3, 1, 1, 2, 1, 0, 969, 6], [6, 23, 1, 1, 0, 0, 0, 1, 6, 962]]","{""train_loss"": [1.9880215385437012, 1.3296492838329739, 0.948671822420756, 0.7180484900156657, 0.5695284222443898, 0.4954822309917874, 0.4516506255785624, 0.4182165321667989, 0.38847389461199444, 0.3657294854482015, 0.3468911142932044, 0.3198426555103726, 0.29745146572854786, 0.2751727917512258, 0.25051488030221725, 0.22638578012784322, 0.19478259619871777, 0.16095942717393238, 0.13241339703798294, 0.10122418556213379, 0.0762433668964439, 0.05218338522646162, 0.03515750808318456, 0.024512572566337057, 0.021005576820174853], ""val_loss"": [1.757137109375, 1.2425027404785156, 1.0698182983398437, 1.053859274482727, 0.7042769565582275, 0.9095588684082031, 0.6611586510658264, 0.50685588722229, 0.5979806760787963, 0.9789163272857666, 0.45928560333251955, 0.40362997846603393, 0.3771655083656311, 0.38364327030181883, 0.3681955467224121, 0.3255052904129028, 0.30737922286987307, 0.3390891679763794, 0.2762441584587097, 0.2593929452896118, 0.22825467953681947, 0.20763467164039612, 0.1994590092420578, 0.20040394279956816, 0.19773155856132507], ""train_acc"": [0.2791777777777778, 0.5133333333333333, 0.6684888888888889, 0.7527555555555555, 0.8044666666666667, 0.8295333333333333, 0.8448888888888889, 0.8567333333333333, 0.8666666666666667, 0.8738, 0.8817333333333334, 0.8903333333333333, 0.8970666666666667, 0.9047555555555555, 0.9135777777777778, 0.9209777777777778, 0.9327555555555556, 0.9451777777777778, 0.9546, 0.9657777777777777, 0.9743111111111111, 0.9843333333333333, 0.9897111111111111, 0.9933555555555555, 0.9948444444444444], ""val_acc"": [0.3462, 0.5828, 0.668, 0.6696, 0.7672, 0.696, 0.782, 0.8236, 0.8102, 0.7286, 0.8446, 0.861, 0.8782, 0.8676, 0.8734, 0.8918, 0.8974, 0.8942, 0.9062, 0.9238, 0.9326, 0.9398, 0.9426, 0.9428, 0.943]}",cuda,NVIDIA A100-SXM4-40GB
C3,densenet121,crop_flip,sgd,2,0.1,0.0005,128,25,25,False,25,0.2043843338251114,723.8098337650299,6956426,0.21220258631706237,0.9378,0.9378752280484548,"{""airplane"": 0.9326829268292683, ""automobile"": 0.9700598802395209, ""bird"": 0.9307535641547862, ""cat"": 0.8521400778210116, ""deer"": 0.9432270916334662, ""dog"": 0.8995943204868154, ""frog"": 0.9577889447236181, ""horse"": 0.9743062692702981, ""ship"": 0.9601593625498008, ""truck"": 0.9600399600399601}","{""airplane"": 0.956, ""automobile"": 0.972, ""bird"": 0.914, ""cat"": 0.876, ""deer"": 0.947, ""dog"": 0.887, ""frog"": 0.953, ""horse"": 0.948, ""ship"": 0.964, ""truck"": 0.961}","{""airplane"": 0.9441975308641976, ""automobile"": 0.971028971028971, ""bird"": 0.922300706357215, ""cat"": 0.863905325443787, ""deer"": 0.9451097804391217, ""dog"": 0.8932527693856999, ""frog"": 0.9553884711779449, ""horse"": 0.9609731373542828, ""ship"": 0.9620758483033932, ""truck"": 0.960519740129935}","[[956, 6, 9, 5, 2, 0, 1, 1, 16, 4], [2, 972, 0, 0, 1, 0, 0, 0, 4, 21], [14, 0, 914, 30, 15, 8, 15, 2, 1, 1], [7, 1, 17, 876, 10, 61, 14, 7, 2, 5], [2, 1, 10, 16, 947, 10, 7, 6, 1, 0], [5, 0, 11, 76, 10, 887, 4, 6, 1, 0], [7, 2, 12, 14, 5, 4, 953, 1, 1, 1], [6, 0, 6, 8, 13, 16, 0, 948, 1, 2], [17, 6, 2, 2, 1, 0, 1, 1, 964, 6], [9, 14, 1, 1, 0, 0, 0, 1, 13, 961]]","{""train_loss"": [1.9954897054248386, 1.327934411292606, 0.9360717580159506, 0.7184114715046352, 0.5645226498179966, 0.49369791503482396, 0.44654876890182493, 0.4151882991578844, 0.38807572418848674, 0.3730691860463884, 0.3452449012120565, 0.3215816576109992, 0.3010736780060662, 0.2765696762985653, 0.25104860328038536, 0.22066020781199136, 0.195801496969329, 0.15799254443645477, 0.13071069577799904, 0.09885430163145065, 0.07138028576506508, 0.04976917825241883, 0.03546615778373347, 0.024148727480570474, 0.020069879116283523], ""val_loss"": [1.74059111328125, 1.210163278198242, 0.8199489196777344, 0.7544013721466064, 0.6001956225395203, 0.8561045023918152, 0.6138927337646485, 0.5009617664337158, 0.4410604675292969, 0.7361971038818359, 0.4757207755088806, 0.4580620088577271, 0.4877174674034119, 0.4298309889793396, 0.36125109589099885, 0.35168002910614016, 0.3926148588180542, 0.2844230544090271, 0.3134904554605484, 0.26366892404556275, 0.23314410309791564, 0.2258050184726715, 0.21206758098602294, 0.20536859936714172, 0.2043843338251114], ""train_acc"": [0.27697777777777777, 0.5153555555555556, 0.6688, 0.7507777777777778, 0.8035333333333333, 0.8289111111111112, 0.8466, 0.8567555555555556, 0.8665111111111111, 0.8714222222222222, 0.8804444444444445, 0.8887333333333334, 0.8971555555555556, 0.9056, 0.9132222222222223, 0.9243777777777777, 0.9331555555555555, 0.9465333333333333, 0.955, 0.9669777777777778, 0.9771333333333333, 0.9837333333333333, 0.9891777777777778, 0.9936666666666667, 0.9947333333333334], ""val_acc"": [0.3524, 0.5968, 0.7186, 0.7472, 0.795, 0.729, 0.7892, 0.8306, 0.8474, 0.774, 0.8388, 0.8468, 0.8378, 0.8584, 0.8786, 0.886, 0.873, 0.9092, 0.8972, 0.9172, 0.9344, 0.9338, 0.9392, 0.9436, 0.9438]}",cuda,NVIDIA A100-SXM4-40GB
C4,resnet18,none,sgd,0,0.1,0.0005,128,25,25,False,24,0.391165860080719,148.45909094810486,11173962,0.42588553924560546,0.8745,0.8742016264593602,"{""airplane"": 0.8675623800383877, ""automobile"": 0.9318403115871471, ""bird"": 0.8394160583941606, ""cat"": 0.7642857142857142, ""deer"": 0.8558823529411764, ""dog"": 0.8044354838709677, ""frog"": 0.889763779527559, ""horse"": 0.9224489795918367, ""ship"": 0.9265143992055611, ""truck"": 0.9396110542476971}","{""airplane"": 0.904, ""automobile"": 0.957, ""bird"": 0.805, ""cat"": 0.749, ""deer"": 0.873, ""dog"": 0.798, ""frog"": 0.904, ""horse"": 0.904, ""ship"": 0.933, ""truck"": 0.918}","{""airplane"": 0.8854064642507345, ""automobile"": 0.9442525900345338, ""bird"": 0.8218478815722308, ""cat"": 0.7565656565656566, ""deer"": 0.8643564356435643, ""dog"": 0.8012048192771084, ""frog"": 0.8968253968253969, ""horse"": 0.9131313131313131, ""ship"": 0.929745889387145, ""truck"": 0.928679817905918}","[[904, 5, 18, 7, 7, 2, 4, 5, 35, 13], [5, 957, 1, 1, 3, 0, 1, 0, 7, 25], [44, 0, 805, 36, 41, 29, 30, 8, 5, 2], [16, 4, 33, 749, 32, 102, 41, 13, 7, 3], [10, 2, 30, 23, 873, 19, 24, 18, 1, 0], [6, 2, 27, 106, 22, 798, 7, 25, 3, 4], [9, 2, 28, 29, 10, 12, 904, 4, 2, 0], [5, 1, 7, 22, 30, 28, 1, 904, 0, 2], [31, 12, 6, 1, 2, 2, 3, 0, 933, 10], [12, 42, 4, 6, 0, 0, 1, 3, 14, 918]]","{""train_loss"": [1.856976616689894, 1.2305080491171942, 0.8238498581144544, 0.6375819524553087, 0.4784632961855994, 0.39295434601042006, 0.3189026857376099, 0.2669882342603472, 0.2236873996151818, 0.19078486726548938, 0.15989207262992858, 0.13048695517381032, 0.10759085409376357, 0.08781974312795533, 0.057512308534648685, 0.02602361193208231, 0.006554600048127274, 0.0020361894499924447, 0.0016738568836616146, 0.001676812685922616, 0.001676497046318319, 0.0017063303868803713, 0.0017156087000336911, 0.0017785897730953164, 0.0017383384677271047], ""val_loss"": [1.5641445068359374, 1.0507984359741211, 0.7781319060325622, 0.6945363167762756, 0.6301621522903442, 0.827291577911377, 0.6370368892669678, 0.8813350038528442, 0.6774680686950684, 0.6957410087585449, 0.5889603231430054, 0.6225850118637085, 0.6687724620819092, 0.6953322740554809, 0.594005511379242, 0.5244728729248047, 0.44379567356109617, 0.418646040725708, 0.4103282165527344, 0.4009354283332825, 0.3963399929046631, 0.3963206600189209, 0.39443652324676515, 0.391165860080719, 0.39626542024612427], ""train_acc"": [0.31624444444444444, 0.5651333333333334, 0.7128666666666666, 0.7776444444444445, 0.8344, 0.8634888888888889, 0.8894222222222222, 0.9072, 0.9229555555555555, 0.9337111111111112, 0.9441555555555555, 0.9548222222222222, 0.9637777777777777, 0.971, 0.9813777777777778, 0.9928888888888889, 0.999, 0.9999777777777777, 1.0, 1.0, 1.0, 1.0, 1.0, 1.0, 1.0], ""val_acc"": [0.4194, 0.6408, 0.7238, 0.7552, 0.7924, 0.7274, 0.7966, 0.7354, 0.7878, 0.7988, 0.819, 0.8136, 0.808, 0.8088, 0.839, 0.8602, 0.8838, 0.8852, 0.8864, 0.888, 0.888, 0.8902, 0.8888, 0.8894, 0.8886]}",cuda,NVIDIA A100-SXM4-40GB
C4,resnet18,none,sgd,1,0.1,0.0005,128,25,25,False,25,0.4038791372299194,146.85644698143005,11173962,0.41767773380279544,0.8778,0.877516470862011,"{""airplane"": 0.8908212560386474, ""automobile"": 0.9472111553784861, ""bird"": 0.8321392016376663, ""cat"": 0.75730110775428, ""deer"": 0.8466796875, ""dog"": 0.8284823284823285, ""frog"": 0.8923988153998026, ""horse"": 0.9146341463414634, ""ship"": 0.933597621407334, ""truck"": 0.9309309309309309}","{""airplane"": 0.922, ""automobile"": 0.951, ""bird"": 0.813, ""cat"": 0.752, ""deer"": 0.867, ""dog"": 0.797, ""frog"": 0.904, ""horse"": 0.9, ""ship"": 0.942, ""truck"": 0.93}","{""airplane"": 0.9061425061425061, ""automobile"": 0.9491017964071856, ""bird"": 0.8224582701062215, ""cat"": 0.7546412443552434, ""deer"": 0.8567193675889329, ""dog"": 0.8124362895005097, ""frog"": 0.8981619473422752, ""horse"": 0.907258064516129, ""ship"": 0.9377799900447984, ""truck"": 0.9304652326163082}","[[922, 3, 16, 9, 5, 0, 3, 5, 25, 12], [2, 951, 2, 3, 1, 0, 1, 1, 9, 30], [38, 0, 813, 40, 40, 27, 25, 7, 8, 2], [11, 4, 41, 752, 34, 87, 38, 20, 6, 7], [7, 1, 31, 34, 867, 20, 17, 21, 2, 0], [7, 2, 27, 96, 29, 797, 14, 23, 3, 2], [5, 0, 23, 27, 19, 13, 904, 3, 4, 2], [8, 0, 18, 25, 26, 17, 3, 900, 1, 2], [27, 6, 5, 3, 2, 0, 3, 0, 942, 12], [8, 37, 1, 4, 1, 1, 5, 4, 9, 930]]","{""train_loss"": [1.8390637261284721, 1.2748659797668458, 0.8429620961083306, 0.6399934153980679, 0.4868012915028466, 0.38664263762897916, 0.3230602283477783, 0.26930062243673536, 0.22424997993575202, 0.18997822597821554, 0.1616691701359219, 0.13183311994870503, 0.10773275476826562, 0.07805091013378568, 0.04945827419228024, 0.027285311240454514, 0.008862776795898874, 0.0023133850681698984, 0.001714877653039164, 0.0016120830746160612, 0.0016588103375087182, 0.0016963904327816433, 0.0017485881170464887, 0.0017020564581784938, 0.0016849618539214134], ""val_loss"": [1.5798709228515626, 1.389764828491211, 0.8704414043426514, 0.7149187366485595, 0.6618080221176147, 0.593938572883606, 0.6374935959815979, 0.6825147995948792, 0.6353373908996582, 0.5554741325378418, 0.5640540790557861, 0.6735450697422027, 0.8058481924057007, 0.6192038766860962, 0.6710932151794433, 0.5590327857971191, 0.4793140369415283, 0.4339319449424744, 0.42216817808151247, 0.40908195285797117, 0.4088172745704651, 0.40729077501296995, 0.40521831779479983, 0.4062193664550781, 0.4038791372299194], ""train_acc"": [0.32506666666666667, 0.5455111111111111, 0.7040222222222222, 0.7788, 0.8316888888888889, 0.8651333333333333, 0.8868888888888888, 0.9042444444444444, 0.9216666666666666, 0.9348222222222222, 0.9446, 0.9542888888888889, 0.9639333333333333, 0.9743333333333334, 0.9844666666666667, 0.9923333333333333, 0.9982666666666666, 0.9999777777777777, 1.0, 1.0, 1.0, 1.0, 1.0, 1.0, 1.0], ""val_acc"": [0.403, 0.5372, 0.7134, 0.7558, 0.766, 0.8006, 0.7896, 0.777, 0.7976, 0.8168, 0.8234, 0.8096, 0.7878, 0.8274, 0.8182, 0.8516, 0.8706, 0.8788, 0.8812, 0.8822, 0.881, 0.8806, 0.8824, 0.8822, 0.8822]}",cuda,NVIDIA A100-SXM4-40GB
C4,resnet18,none,sgd,2,0.1,0.0005,128,25,25,False,23,0.38685632095336914,147.016095161438,11173962,0.4301420573234558,0.8747,0.8743720956158489,"{""airplane"": 0.8764478764478765, ""automobile"": 0.9337944664031621, ""bird"": 0.8364583333333333, ""cat"": 0.7537993920972644, ""deer"": 0.8470588235294118, ""dog"": 0.8174358974358974, ""frog"": 0.8924731182795699, ""horse"": 0.9232323232323232, ""ship"": 0.9366834170854271, ""truck"": 0.9251497005988024}","{""airplane"": 0.908, ""automobile"": 0.945, ""bird"": 0.803, ""cat"": 0.744, ""deer"": 0.864, ""dog"": 0.797, ""frog"": 0.913, ""horse"": 0.914, ""ship"": 0.932, ""truck"": 0.927}","{""airplane"": 0.8919449901768173, ""automobile"": 0.9393638170974155, ""bird"": 0.8193877551020409, ""cat"": 0.7488676396577756, ""deer"": 0.8554455445544554, ""dog"": 0.8070886075949367, ""frog"": 0.9026198714780029, ""horse"": 0.9185929648241206, ""ship"": 0.9343358395989975, ""truck"": 0.926073926073926}","[[908, 7, 22, 8, 3, 2, 3, 4, 30, 13], [4, 945, 0, 2, 1, 2, 2, 1, 11, 32], [37, 1, 803, 35, 48, 30, 24, 14, 4, 4], [14, 5, 41, 744, 39, 92, 43, 12, 6, 4], [11, 1, 30, 31, 864, 18, 22, 22, 1, 0], [6, 1, 29, 110, 28, 797, 8, 17, 1, 3], [6, 0, 21, 32, 12, 9, 913, 3, 2, 2], [8, 0, 7, 21, 19, 23, 4, 914, 1, 3], [29, 11, 5, 2, 3, 1, 3, 0, 932, 14], [13, 41, 2, 2, 3, 1, 1, 3, 7, 927]]","{""train_loss"": [1.8434860569424099, 1.2563624584621853, 0.834645274511973, 0.6465010203785366, 0.4779609625922309, 0.38260153942108155, 0.31609673408932154, 0.2680406792852614, 0.21997560764948526, 0.184226708428065, 0.1586896521303389, 0.1346361120859782, 0.10427352194057571, 0.07475344397756789, 0.05524163429207272, 0.02466359654797448, 0.008077702861030897, 0.0022639077689498664, 0.0015813992131087516, 0.0015933788483755457, 0.0016839074903892146, 0.0016809154907862346, 0.0017284530638820596, 0.0017374014617668257, 0.0016945401748642325], ""val_loss"": [1.58510810546875, 0.9719373260498047, 0.7921948205947876, 0.7574279090881347, 0.6696373065948487, 0.622115853881836, 0.6366219551086426, 0.6908839517593384, 0.6180210107803344, 0.763124919128418, 0.6748481934547425, 0.5675159074783325, 0.6210280115127563, 0.6629655665397644, 0.621522294807434, 0.5440616574287415, 0.4819368392944336, 0.4158913087844849, 0.40278341579437255, 0.3947425090789795, 0.3937565131187439, 0.3892300379753113, 0.38685632095336914, 0.390451637172699, 0.38795179595947266], ""train_acc"": [0.3218, 0.5529111111111111, 0.7083777777777778, 0.7763111111111111, 0.8337111111111111, 0.8662666666666666, 0.8899777777777778, 0.9067555555555555, 0.9230222222222222, 0.9355333333333333, 0.9443777777777778, 0.9529333333333333, 0.9648, 0.9748, 0.9817333333333333, 0.9931111111111111, 0.9987333333333334, 0.9999777777777777, 1.0, 1.0, 1.0, 1.0, 1.0, 1.0, 1.0], ""val_acc"": [0.4024, 0.6648, 0.7254, 0.7368, 0.7666, 0.7914, 0.7976, 0.782, 0.8036, 0.7808, 0.7974, 0.8264, 0.8196, 0.8228, 0.8276, 0.851, 0.8618, 0.8784, 0.8818, 0.8832, 0.8818, 0.883, 0.8832, 0.883, 0.8836]}",cuda,NVIDIA A100-SXM4-40GB
C5,resnet18,strong,sgd,0,0.1,0.0005,128,25,25,False,25,0.19518658618927,189.73395705223083,11173962,0.20358475337028503,0.9332,0.9331420208388532,"{""airplane"": 0.9410589410589411, ""automobile"": 0.9682854311199207, ""bird"": 0.918200408997955, ""cat"": 0.845691382765531, ""deer"": 0.9254170755642787, ""dog"": 0.8808808808808809, ""frog"": 0.9555335968379447, ""horse"": 0.9664634146341463, ""ship"": 0.9643211100099108, ""truck"": 0.9656912209889001}","{""airplane"": 0.942, ""automobile"": 0.977, ""bird"": 0.898, ""cat"": 0.844, ""deer"": 0.943, ""dog"": 0.88, ""frog"": 0.967, ""horse"": 0.951, ""ship"": 0.973, ""truck"": 0.957}","{""airplane"": 0.9415292353823088, ""automobile"": 0.9726231956197113, ""bird"": 0.9079878665318504, ""cat"": 0.8448448448448449, ""deer"": 0.9341258048538881, ""dog"": 0.8804402201100551, ""frog"": 0.9612326043737575, ""horse"": 0.9586693548387096, ""ship"": 0.9686411149825784, ""truck"": 0.9613259668508287}","[[942, 1, 13, 10, 4, 1, 4, 1, 18, 6], [2, 977, 0, 1, 0, 0, 0, 0, 3, 17], [22, 0, 898, 19, 25, 16, 14, 3, 2, 1], [7, 1, 21, 844, 22, 73, 17, 7, 3, 5], [2, 0, 13, 12, 943, 10, 7, 10, 2, 1], [2, 1, 12, 78, 14, 880, 2, 11, 0, 0], [5, 0, 8, 16, 2, 2, 967, 0, 0, 0], [2, 0, 7, 14, 8, 17, 1, 951, 0, 0], [11, 6, 4, 1, 1, 0, 0, 0, 973, 4], [6, 23, 2, 3, 0, 0, 0, 1, 8, 957]]","{""train_loss"": [2.1417501953760785, 1.800865565384759, 1.3862429162767198, 1.157050771077474, 0.9865687561882867, 0.8996098294152154, 0.8385996768951416, 0.7878962449709574, 0.7440651346948411, 0.7186980738110013, 0.6889172866503398, 0.6575173087331984, 0.6333666785875957, 0.5944286173290676, 0.5696401624891493, 0.5436801880306668, 0.5061750339825948, 0.4718308469030592, 0.4347002612749736, 0.4021955677774217, 0.3624864021089342, 0.3303510345776876, 0.31155976887808906, 0.2938909452279409, 0.28161496262550356], ""val_loss"": [1.80466640625, 1.4402445068359375, 1.0106841659545898, 0.8880937975883484, 0.844840591430664, 0.9575754753112793, 0.6843749305725098, 0.7687530994415284, 0.5986419609069824, 0.5427507194519043, 0.634903902053833, 0.4811725555419922, 0.4806870119094849, 0.48515815076828, 0.37433912811279296, 0.39516267838478086, 0.3817018048286438, 0.3418690631866455, 0.3026852927684784, 0.2506193832397461, 0.24850628967285157, 0.23111135015487672, 0.21099168071746827, 0.19906919164657594, 0.19518658618927], ""train_acc"": [0.19973333333333335, 0.3478888888888889, 0.5018666666666667, 0.5932222222222222, 0.6549777777777778, 0.6865333333333333, 0.7070888888888889, 0.7265555555555555, 0.7404, 0.7501333333333333, 0.7594222222222222, 0.7717333333333334, 0.7808666666666667, 0.7934888888888889, 0.8044666666666667, 0.8123333333333334, 0.8255111111111111, 0.8363555555555555, 0.8478888888888889, 0.8595111111111111, 0.8740222222222223, 0.8866222222222222, 0.8915555555555555, 0.8981555555555556, 0.9039555555555555], ""val_acc"": [0.3306, 0.5124, 0.6368, 0.6848, 0.7134, 0.6938, 0.7596, 0.7376, 0.7922, 0.811, 0.785, 0.8318, 0.8288, 0.8384, 0.874, 0.8598, 0.8642, 0.885, 0.8936, 0.9134, 0.9166, 0.9206, 0.9268, 0.932, 0.934]}",cuda,NVIDIA A100-SXM4-40GB
C5,resnet18,strong,sgd,1,0.1,0.0005,128,25,25,False,25,0.1921755893468857,189.4477572441101,11173962,0.2040445722103119,0.9305,0.9304413563724058,"{""airplane"": 0.938938938938939, ""automobile"": 0.9643564356435643, ""bird"": 0.9006024096385542, ""cat"": 0.8505516549648947, ""deer"": 0.918111753371869, ""dog"": 0.8850457782299085, ""frog"": 0.9558232931726908, ""horse"": 0.9665314401622718, ""ship"": 0.9600798403193613, ""truck"": 0.9647532729103726}","{""airplane"": 0.938, ""automobile"": 0.974, ""bird"": 0.897, ""cat"": 0.848, ""deer"": 0.953, ""dog"": 0.87, ""frog"": 0.952, ""horse"": 0.953, ""ship"": 0.962, ""truck"": 0.958}","{""airplane"": 0.9384692346173087, ""automobile"": 0.9691542288557214, ""bird"": 0.8987975951903807, ""cat"": 0.8492739108662994, ""deer"": 0.9352306182531894, ""dog"": 0.8774583963691377, ""frog"": 0.9539078156312625, ""horse"": 0.959718026183283, ""ship"": 0.961038961038961, ""truck"": 0.9613647767185148}","[[938, 1, 19, 10, 4, 0, 1, 1, 18, 8], [3, 974, 0, 0, 1, 0, 0, 0, 5, 17], [20, 0, 897, 17, 26, 14, 17, 6, 2, 1], [6, 0, 21, 848, 25, 69, 16, 8, 4, 3], [1, 0, 15, 11, 953, 10, 3, 7, 0, 0], [1, 1, 15, 85, 12, 870, 4, 10, 2, 0], [4, 0, 19, 17, 4, 3, 952, 0, 0, 1], [5, 0, 3, 7, 12, 17, 3, 953, 0, 0], [16, 11, 3, 1, 1, 0, 0, 1, 962, 5], [5, 23, 4, 1, 0, 0, 0, 0, 9, 958]]","{""train_loss"": [2.125089626736111, 1.7795389790640936, 1.4257269378026327, 1.1714996563381619, 1.009723288324144, 0.8978290143754747, 0.8419704014884101, 0.7895914477242364, 0.7452807840241327, 0.7108171758121914, 0.6898152575598823, 0.6570310974862841, 0.6319049048105876, 0.5943591513633728, 0.5674879214286804, 0.5410041857613458, 0.5057544554180569, 0.47061762517293293, 0.4413366221321954, 0.4052673637178209, 0.3696871984640757, 0.3351202970345815, 0.30983482769330345, 0.2922372106207742, 0.2837490742471483], ""val_loss"": [1.783476708984375, 1.3025998168945312, 1.0446515960693359, 1.0600328170776367, 0.7839540431976318, 0.7692930908203125, 0.6355685436248779, 0.6545603981018067, 0.6400398324012756, 0.5590276762962342, 0.695799355506897, 0.520867512512207, 0.47718254499435425, 0.38903664360046386, 0.4083125741958618, 0.4173568433761597, 0.37377033252716063, 0.34006842002868654, 0.2836981700897217, 0.331007128238678, 0.2571246753692627, 0.22273770189285277, 0.20550491466522217, 0.19805294494628906, 0.1921755893468857], ""train_acc"": [0.20628888888888888, 0.3553777777777778, 0.48606666666666665, 0.5859555555555556, 0.6460888888888889, 0.6881777777777778, 0.7082888888888889, 0.7251333333333333, 0.7398, 0.7528888888888889, 0.7623111111111112, 0.7728666666666667, 0.7808888888888889, 0.7952222222222223, 0.8026888888888889, 0.8132, 0.8236888888888889, 0.8385111111111111, 0.8468, 0.8602666666666666, 0.8740222222222223, 0.8845111111111111, 0.8933333333333333, 0.8995111111111112, 0.9035333333333333], ""val_acc"": [0.3298, 0.5378, 0.6274, 0.6322, 0.7266, 0.7398, 0.7836, 0.7606, 0.777, 0.8016, 0.7806, 0.8266, 0.8346, 0.8616, 0.8588, 0.8566, 0.8726, 0.884, 0.9034, 0.8924, 0.9122, 0.9256, 0.928, 0.9334, 0.9332]}",cuda,NVIDIA A100-SXM4-40GB
C5,resnet18,strong,sgd,2,0.1,0.0005,128,25,25,False,25,0.1870713556289673,189.21153092384338,11173962,0.2037600125312805,0.9285,0.9284325163029316,"{""airplane"": 0.936127744510978, ""automobile"": 0.9643564356435643, ""bird"": 0.9122448979591836, ""cat"": 0.8426395939086294, ""deer"": 0.9319526627218935, ""dog"": 0.8658777120315582, ""frog"": 0.9418145956607495, ""horse"": 0.9627016129032258, ""ship"": 0.9678391959798995, ""truck"": 0.9587525150905433}","{""airplane"": 0.938, ""automobile"": 0.974, ""bird"": 0.894, ""cat"": 0.83, ""deer"": 0.945, ""dog"": 0.878, ""frog"": 0.955, ""horse"": 0.955, ""ship"": 0.963, ""truck"": 0.953}","{""airplane"": 0.9370629370629371, ""automobile"": 0.9691542288557214, ""bird"": 0.9030303030303031, ""cat"": 0.836272040302267, ""deer"": 0.9384309831181727, ""dog"": 0.871896722939424, ""frog"": 0.9483614697120158, ""horse"": 0.9588353413654619, ""ship"": 0.9654135338345865, ""truck"": 0.9558676028084253}","[[938, 1, 23, 7, 3, 1, 1, 1, 18, 7], [4, 974, 0, 3, 0, 0, 0, 0, 1, 18], [22, 0, 894, 14, 21, 16, 23, 5, 2, 3], [8, 1, 18, 830, 18, 87, 22, 10, 3, 3], [1, 0, 10, 16, 945, 12, 4, 12, 0, 0], [3, 1, 10, 80, 16, 878, 4, 8, 0, 0], [3, 0, 16, 18, 3, 5, 955, 0, 0, 0], [4, 0, 6, 10, 8, 15, 1, 955, 0, 1], [13, 7, 2, 3, 0, 0, 3, 0, 963, 9], [6, 26, 1, 4, 0, 0, 1, 1, 8, 953]]","{""train_loss"": [2.1286013998031614, 1.8008366983837552, 1.4038209973865086, 1.1598842403411864, 0.9844330091688368, 0.9000267949740092, 0.8356746692127651, 0.7938322393523323, 0.7509803328196207, 0.7219970070627001, 0.6938131402227614, 0.6640290614551968, 0.6331400924576653, 0.6016335690392388, 0.5747404531584845, 0.541826189634535, 0.5082649769571093, 0.4732143412325117, 0.4350185067812602, 0.40626603644159104, 0.37129992186228433, 0.33669556386735705, 0.31193486036724516, 0.29427922615475127, 0.2854235205888748], ""val_loss"": [1.75292216796875, 1.2947615966796875, 1.111400309753418, 0.8966157144546508, 0.8028656869888305, 0.7766702932357789, 0.8015637680053711, 0.5465155006408692, 0.5813293104171753, 0.5926553075790405, 0.6556137046813965, 0.49278049240112304, 0.4445466058731079, 0.4740335548877716, 0.3716078547477722, 0.4009106562137604, 0.42934255218505857, 0.3137017029762268, 0.32443453216552737, 0.2541652542114258, 0.24400127928256987, 0.22127149114608766, 0.20216685581207275, 0.18968560276031493, 0.1870713556289673], ""train_acc"": [0.20435555555555557, 0.3488, 0.4957111111111111, 0.5920222222222222, 0.656, 0.6863333333333334, 0.7105333333333334, 0.7228222222222223, 0.7382888888888889, 0.7494222222222222, 0.7580888888888889, 0.7722888888888889, 0.7818888888888889, 0.7910444444444444, 0.8016, 0.8119555555555555, 0.8231777777777778, 0.8363111111111111, 0.8494, 0.8599111111111111, 0.8727333333333334, 0.8834222222222222, 0.8929555555555555, 0.8986888888888889, 0.9009111111111111], ""val_acc"": [0.3334, 0.5408, 0.6114, 0.6788, 0.7332, 0.7238, 0.7306, 0.8068, 0.8044, 0.7952, 0.7704, 0.8324, 0.8464, 0.8378, 0.8698, 0.8602, 0.8514, 0.8924, 0.8934, 0.9112, 0.9176, 0.9266, 0.9292, 0.9354, 0.9386]}",cuda,NVIDIA A100-SXM4-40GB
C6,resnet18,crop_flip,adam,0,0.001,0.0001,128,25,25,False,24,0.25601738519668576,153.1905071735382,11173962,0.30062987456321716,0.924,0.9237751202173923,"{""airplane"": 0.9158512720156555, ""automobile"": 0.971830985915493, ""bird"": 0.9005076142131979, ""cat"": 0.8618143459915611, ""deer"": 0.9141463414634147, ""dog"": 0.8753709198813057, ""frog"": 0.9392156862745098, ""horse"": 0.9432270916334662, ""ship"": 0.9568273092369478, ""truck"": 0.9587939698492463}","{""airplane"": 0.936, ""automobile"": 0.966, ""bird"": 0.887, ""cat"": 0.817, ""deer"": 0.937, ""dog"": 0.885, ""frog"": 0.958, ""horse"": 0.947, ""ship"": 0.953, ""truck"": 0.954}","{""airplane"": 0.9258160237388724, ""automobile"": 0.9689067201604814, ""bird"": 0.8937027707808565, ""cat"": 0.8388090349075975, ""deer"": 0.9254320987654321, ""dog"": 0.8801591248135257, ""frog"": 0.9485148514851485, ""horse"": 0.9451097804391217, ""ship"": 0.9549098196392786, ""truck"": 0.956390977443609}","[[936, 2, 19, 6, 3, 1, 1, 4, 21, 7], [6, 966, 2, 0, 1, 0, 1, 0, 4, 20], [22, 0, 887, 16, 24, 15, 23, 9, 1, 3], [6, 0, 29, 817, 27, 81, 18, 15, 4, 3], [3, 1, 16, 8, 937, 9, 11, 14, 1, 0], [3, 0, 9, 70, 14, 885, 4, 15, 0, 0], [5, 0, 14, 15, 6, 1, 958, 0, 0, 1], [6, 0, 5, 11, 12, 19, 0, 947, 0, 0], [27, 4, 4, 2, 0, 0, 3, 0, 953, 7], [8, 21, 0, 3, 1, 0, 1, 0, 12, 954]]","{""train_loss"": [1.9563547960917156, 1.3476891202290853, 0.9902780732472738, 0.7926838074790107, 0.6508977114571466, 0.5761884929021199, 0.513883379067315, 0.4637816978560554, 0.4277420306417677, 0.39280745431052316, 0.36605605675909253, 0.32846894946098326, 0.30257763811217414, 0.27351862602498794, 0.24451046699947782, 0.21199854563077292, 0.18271945594681635, 0.1579691246430079, 0.12738243276543088, 0.1000485725859801, 0.07764733190536499, 0.06265495505862766, 0.05008409181435903, 0.04258718373013867, 0.036751458231608074], ""val_loss"": [1.708547265625, 1.2765401473999023, 1.0628151992797852, 0.9400858306884765, 0.7717018112182618, 0.703589041519165, 0.6210628332138062, 0.5076822358131409, 0.5021888187408448, 0.9410250659942627, 0.47163305497169494, 0.4343240118026733, 0.45970534529685975, 0.5778394196510315, 0.3607109233856201, 0.30810232877731325, 0.3280048072814941, 0.32247482204437256, 0.30434852476119995, 0.27688908796310424, 0.26609215059280394, 0.25831079807281493, 0.256706756401062, 0.25601738519668576, 0.25941089019775393], ""train_acc"": [0.2793555555555556, 0.5090888888888889, 0.6482666666666667, 0.7230222222222222, 0.7734444444444445, 0.7984222222222223, 0.8244222222222222, 0.8399777777777778, 0.8536444444444444, 0.8651333333333333, 0.8723555555555556, 0.8884888888888889, 0.8954666666666666, 0.9056888888888889, 0.9156444444444445, 0.9274444444444444, 0.9364222222222223, 0.9445777777777777, 0.9552222222222222, 0.9652222222222222, 0.974, 0.9790666666666666, 0.9829333333333333, 0.9860888888888889, 0.9885333333333334], ""val_acc"": [0.3666, 0.5472, 0.6426, 0.6892, 0.7338, 0.7642, 0.7918, 0.8368, 0.8302, 0.7314, 0.842, 0.8572, 0.853, 0.8294, 0.8804, 0.902, 0.896, 0.8984, 0.9094, 0.9138, 0.922, 0.9268, 0.9276, 0.9282, 0.9292]}",cuda,NVIDIA A100-SXM4-40GB
C6,resnet18,crop_flip,adam,1,0.001,0.0001,128,25,25,False,23,0.26225304124355314,153.31196665763855,11173962,0.29287038202285764,0.9215,0.9212322614814796,"{""airplane"": 0.9034416826003824, ""automobile"": 0.953921568627451, ""bird"": 0.8995901639344263, ""cat"": 0.8598726114649682, ""deer"": 0.9053140096618357, ""dog"": 0.8689175769612711, ""frog"": 0.9307992202729045, ""horse"": 0.9622448979591837, ""ship"": 0.9658291457286432, ""truck"": 0.9640287769784173}","{""airplane"": 0.945, ""automobile"": 0.973, ""bird"": 0.878, ""cat"": 0.81, ""deer"": 0.937, ""dog"": 0.875, ""frog"": 0.955, ""horse"": 0.943, ""ship"": 0.961, ""truck"": 0.938}","{""airplane"": 0.9237536656891495, ""automobile"": 0.9633663366336633, ""bird"": 0.888663967611336, ""cat"": 0.8341915550978373, ""deer"": 0.9208845208845209, ""dog"": 0.8719481813652217, ""frog"": 0.9427443237907206, ""horse"": 0.9525252525252526, ""ship"": 0.9634085213032582, ""truck"": 0.9508362899138368}","[[945, 7, 17, 7, 4, 0, 1, 2, 14, 3], [6, 973, 1, 0, 0, 0, 0, 0, 2, 18], [26, 0, 878, 18, 26, 16, 26, 8, 1, 1], [14, 2, 23, 810, 30, 82, 24, 8, 4, 3], [5, 1, 16, 12, 937, 10, 11, 8, 0, 0], [5, 0, 15, 70, 20, 875, 4, 8, 1, 2], [5, 1, 13, 16, 5, 2, 955, 2, 0, 1], [7, 0, 7, 7, 12, 22, 0, 943, 0, 2], [22, 5, 4, 1, 0, 0, 2, 0, 961, 5], [11, 31, 2, 1, 1, 0, 3, 1, 12, 938]]","{""train_loss"": [1.9283379611333211, 1.368964948103163, 1.0133878497653537, 0.8014304576555887, 0.6573682281494141, 0.5677180006874932, 0.5159656557189094, 0.4688206647766961, 0.4252488898595174, 0.39099278927379183, 0.36434102386898465, 0.32856668928464255, 0.30326795834435355, 0.2710378305965, 0.24339644978311326, 0.21499263254536521, 0.18592416220506033, 0.15574945856200323, 0.12876972171730466, 0.10201764685577816, 0.08059032272232904, 0.06563987384372287, 0.05491314591831631, 0.04278156129188008, 0.03881935419506497], ""val_loss"": [1.702607470703125, 1.2563865715026856, 0.922052310180664, 0.8554714847564697, 0.8968614486694336, 0.6777711955070496, 0.6025329014778137, 0.7423821591377259, 0.5259860672950745, 0.49727399587631227, 0.521222741317749, 0.4638075807094574, 0.43596403551101687, 0.3890427487373352, 0.332216436457634, 0.32222015447616575, 0.3174525104522705, 0.27727021520137785, 0.2891481001138687, 0.2866377869129181, 0.2781610112667084, 0.27612147433757783, 0.26225304124355314, 0.2691139680147171, 0.26378534054756164], ""train_acc"": [0.2862, 0.5002888888888889, 0.6399555555555556, 0.7198, 0.7748666666666667, 0.8046888888888889, 0.8201555555555555, 0.8382222222222222, 0.8526666666666667, 0.8653111111111111, 0.8754444444444445, 0.8861333333333333, 0.8944888888888889, 0.9060444444444444, 0.9168, 0.9249555555555555, 0.9364, 0.9454, 0.9561111111111111, 0.9647555555555556, 0.9723777777777778, 0.9784888888888889, 0.9819333333333333, 0.9866888888888888, 0.9877555555555556], ""val_acc"": [0.3632, 0.57, 0.6888, 0.7118, 0.7046, 0.7756, 0.8018, 0.7624, 0.8314, 0.8376, 0.8284, 0.8474, 0.8586, 0.874, 0.8892, 0.895, 0.897, 0.9072, 0.9126, 0.9168, 0.9196, 0.9238, 0.9272, 0.9272, 0.9282]}",cuda,NVIDIA A100-SXM4-40GB
C6,resnet18,crop_flip,adam,2,0.001,0.0001,128,25,25,False,25,0.262825350856781,154.2884304523468,11173962,0.28821256341934204,0.9232,0.9232860843156369,"{""airplane"": 0.9044401544401545, ""automobile"": 0.967, ""bird"": 0.9025380710659898, ""cat"": 0.8315377081292851, ""deer"": 0.9304174950298211, ""dog"": 0.8775303643724697, ""frog"": 0.9458375125376128, ""horse"": 0.9580777096114519, ""ship"": 0.9607250755287009, ""truck"": 0.9568273092369478}","{""airplane"": 0.937, ""automobile"": 0.967, ""bird"": 0.889, ""cat"": 0.849, ""deer"": 0.936, ""dog"": 0.867, ""frog"": 0.943, ""horse"": 0.937, ""ship"": 0.954, ""truck"": 0.953}","{""airplane"": 0.9204322200392927, ""automobile"": 0.967, ""bird"": 0.8957178841309824, ""cat"": 0.8401781296387927, ""deer"": 0.9332003988035892, ""dog"": 0.8722334004024145, ""frog"": 0.9444166249374061, ""horse"": 0.9474216380182002, ""ship"": 0.9573507275464125, ""truck"": 0.9549098196392786}","[[937, 4, 19, 12, 3, 1, 2, 0, 19, 3], [6, 967, 0, 2, 1, 0, 1, 0, 4, 19], [21, 0, 889, 20, 21, 10, 25, 9, 2, 3], [7, 0, 23, 849, 19, 70, 17, 9, 3, 3], [5, 1, 13, 13, 936, 11, 5, 12, 1, 3], [8, 0, 15, 83, 16, 867, 0, 11, 0, 0], [7, 0, 16, 19, 2, 8, 943, 0, 2, 3], [8, 0, 6, 16, 8, 21, 1, 937, 1, 2], [26, 5, 3, 4, 0, 0, 1, 0, 954, 7], [11, 23, 1, 3, 0, 0, 2, 0, 7, 953]]","{""train_loss"": [1.9449948458777533, 1.3528219252268474, 0.9993111882739597, 0.8048247027397156, 0.6529981108135647, 0.5714397711012098, 0.5116880480978224, 0.4688285338136885, 0.42593498174349465, 0.39386932169596356, 0.3620394889725579, 0.3306879162046644, 0.30205002443525525, 0.27354650105370415, 0.24645752952893574, 0.21571810826195612, 0.18512063473330603, 0.15721969068845112, 0.12861540012359618, 0.10249447627597386, 0.08365994713703791, 0.06503333912293116, 0.051727337267663744, 0.0438924691994985, 0.03802919322119819], ""val_loss"": [1.679208740234375, 1.1599115798950195, 1.0047736194610595, 0.7772902090072632, 0.7475081707954406, 0.9499638155937195, 0.5853030824661255, 0.5174669312000275, 0.4475874572753906, 0.629283189201355, 0.5065394250392914, 0.5091695152759552, 0.5609016916275025, 0.36863277797698973, 0.43659275455474855, 0.41464167060852053, 0.365520409488678, 0.30709313888549805, 0.31851086950302127, 0.2868330068588257, 0.2736720338344574, 0.26322258257865905, 0.26603737807273864, 0.26508859453201294, 0.262825350856781], ""train_acc"": [0.28204444444444443, 0.5067555555555555, 0.6436888888888889, 0.7161111111111111, 0.7721777777777777, 0.8017555555555556, 0.825, 0.8388444444444444, 0.8548222222222223, 0.8658888888888889, 0.8738888888888889, 0.8858222222222222, 0.8948888888888888, 0.9048444444444445, 0.9143777777777777, 0.9261111111111111, 0.9355555555555556, 0.9459555555555555, 0.9550888888888889, 0.9649777777777778, 0.9715333333333334, 0.9776666666666667, 0.9830444444444445, 0.9848888888888889, 0.9884666666666667], ""val_acc"": [0.375, 0.5884, 0.656, 0.7384, 0.7484, 0.7042, 0.8052, 0.8306, 0.8448, 0.8094, 0.8324, 0.84, 0.8256, 0.8786, 0.8548, 0.8686, 0.8878, 0.9036, 0.9052, 0.9176, 0.919, 0.928, 0.929, 0.9284, 0.9286]}",cuda,NVIDIA A100-SXM4-40GB
C7,resnet18,crop_flip,adamw,0,0.001,0.0005,128,25,25,False,24,0.28131059646606443,153.1806652545929,11173962,0.3086036600112915,0.9199,0.9197153274828344,"{""airplane"": 0.9157688540646425, ""automobile"": 0.9688442211055276, ""bird"": 0.897876643073812, ""cat"": 0.8449531737773153, ""deer"": 0.9021317829457365, ""dog"": 0.872745490981964, ""frog"": 0.9342492639842983, ""horse"": 0.9591836734693877, ""ship"": 0.9577464788732394, ""truck"": 0.9436201780415431}","{""airplane"": 0.935, ""automobile"": 0.964, ""bird"": 0.888, ""cat"": 0.812, ""deer"": 0.931, ""dog"": 0.871, ""frog"": 0.952, ""horse"": 0.94, ""ship"": 0.952, ""truck"": 0.954}","{""airplane"": 0.9252845126175161, ""automobile"": 0.9664160401002506, ""bird"": 0.8929110105580694, ""cat"": 0.8281489036206018, ""deer"": 0.9163385826771654, ""dog"": 0.8718718718718719, ""frog"": 0.9430411094601288, ""horse"": 0.9494949494949495, ""ship"": 0.954864593781344, ""truck"": 0.9487817006464445}","[[935, 3, 16, 9, 4, 2, 5, 1, 21, 4], [4, 964, 1, 1, 1, 0, 0, 0, 2, 27], [23, 0, 888, 19, 24, 16, 18, 7, 3, 2], [10, 1, 26, 812, 30, 75, 25, 9, 5, 7], [2, 1, 18, 14, 931, 13, 8, 11, 1, 1], [4, 1, 10, 77, 19, 871, 7, 10, 0, 1], [5, 0, 15, 13, 6, 6, 952, 1, 1, 1], [6, 0, 10, 10, 16, 14, 2, 940, 0, 2], [24, 3, 4, 3, 0, 0, 2, 0, 952, 12], [8, 22, 1, 3, 1, 1, 0, 1, 9, 954]]","{""train_loss"": [1.9559674478742812, 1.3446371838887532, 0.9808349240091112, 0.7858651507483588, 0.6394087728712294, 0.5534761819627549, 0.489104316467709, 0.4348654189798567, 0.3953833583460914, 0.3524879382610321, 0.32617189129723445, 0.28835206489298076, 0.2578888537512885, 0.23368480575879416, 0.20174302217695447, 0.17381563631428612, 0.1472629698117574, 0.12521324890587066, 0.10559325356086095, 0.08336517859432432, 0.06779580867522293, 0.055003264804681144, 0.04712998511128955, 0.043780570929580265, 0.038138679528401956], ""val_loss"": [1.707874609375, 1.2950261810302734, 1.0072580856323243, 0.8331252513885498, 0.6455201494216919, 0.7457315447807312, 0.5253444164276123, 0.651238730430603, 0.5021664904594422, 0.5357277178764344, 0.45921066675186156, 0.3921146077632904, 0.3702393349647522, 0.38013775281906126, 0.3542938801288605, 0.3540586686134338, 0.3003492344856262, 0.3043516101837158, 0.30070689058303834, 0.3160110757827759, 0.2945087523460388, 0.2897193024635315, 0.28330616607666015, 0.28131059646606443, 0.28600237789154054], ""train_acc"": [0.27944444444444444, 0.5077555555555555, 0.6524222222222222, 0.7240222222222222, 0.7771333333333333, 0.8104666666666667, 0.8326, 0.8500888888888889, 0.8636666666666667, 0.8763111111111112, 0.887, 0.9001333333333333, 0.9106666666666666, 0.9183111111111111, 0.9294222222222223, 0.9393333333333334, 0.9481555555555555, 0.9556444444444444, 0.9628666666666666, 0.9711555555555555, 0.9774444444444444, 0.9817111111111111, 0.9846444444444444, 0.9852222222222222, 0.9878888888888889], ""val_acc"": [0.367, 0.5496, 0.6622, 0.7146, 0.777, 0.7634, 0.8254, 0.799, 0.8342, 0.83, 0.854, 0.8698, 0.8828, 0.8778, 0.8876, 0.8924, 0.9098, 0.9094, 0.915, 0.9168, 0.9196, 0.924, 0.921, 0.9236, 0.9222]}",cuda,NVIDIA A100-SXM4-40GB
C7,resnet18,crop_flip,adamw,1,0.001,0.0005,128,25,25,False,23,0.2703237920999527,151.03291773796082,11173962,0.29693516473770143,0.9189,0.9187075199448849,"{""airplane"": 0.9232303090727817, ""automobile"": 0.9602780536246276, ""bird"": 0.8939393939393939, ""cat"": 0.8367556468172485, ""deer"": 0.9077809798270894, ""dog"": 0.8663967611336032, ""frog"": 0.933597621407334, ""horse"": 0.9572736520854527, ""ship"": 0.9579579579579579, ""truck"": 0.9493041749502982}","{""airplane"": 0.926, ""automobile"": 0.967, ""bird"": 0.885, ""cat"": 0.815, ""deer"": 0.945, ""dog"": 0.856, ""frog"": 0.942, ""horse"": 0.941, ""ship"": 0.957, ""truck"": 0.955}","{""airplane"": 0.9246130803794309, ""automobile"": 0.9636273044344793, ""bird"": 0.8894472361809045, ""cat"": 0.8257345491388045, ""deer"": 0.9260166585007349, ""dog"": 0.8611670020120724, ""frog"": 0.9377799900447984, ""horse"": 0.9490670700958144, ""ship"": 0.9574787393696849, ""truck"": 0.9521435692921236}","[[926, 8, 18, 11, 4, 0, 5, 2, 18, 8], [4, 967, 1, 0, 1, 0, 0, 0, 4, 23], [21, 0, 885, 23, 21, 18, 19, 8, 4, 1], [11, 1, 21, 815, 27, 83, 24, 9, 5, 4], [2, 1, 17, 11, 945, 6, 9, 9, 0, 0], [3, 0, 18, 82, 21, 856, 3, 13, 1, 3], [4, 0, 18, 21, 10, 1, 942, 1, 1, 2], [4, 0, 8, 7, 11, 24, 3, 941, 0, 2], [21, 7, 3, 2, 0, 0, 2, 0, 957, 8], [7, 23, 1, 2, 1, 0, 2, 0, 9, 955]]","{""train_loss"": [1.9285881726582845, 1.366007627635532, 0.9979604527367486, 0.7909651638878716, 0.642062454424964, 0.5502911382993062, 0.48635704832077026, 0.4383023713959588, 0.3897522460407681, 0.3522066585275862, 0.3211088156276279, 0.28358860982524026, 0.25817937040858796, 0.22598872241444057, 0.1988676438914405, 0.1755308033042484, 0.14785770657857258, 0.12325062767664592, 0.10473992940187454, 0.08353340033690135, 0.06897733230557707, 0.05720653131140603, 0.051371815202964674, 0.04183376566502783, 0.0393944543103377], ""val_loss"": [1.702484375, 1.2149925323486328, 0.881695947265625, 0.8349099166870118, 0.7481587003707886, 0.6634031295776367, 0.6062914953231812, 0.6097445497512818, 0.4695855821609497, 0.420612809085846, 0.5108385376214981, 0.4552457717418671, 0.36697996826171875, 0.3298363996505737, 0.31538782796859743, 0.31492511672973633, 0.3109961224079132, 0.292945152759552, 0.3054579981327057, 0.28440017428398134, 0.2832701471567154, 0.27629555308818815, 0.2703237920999527, 0.2743777762174606, 0.27069867050647733], ""train_acc"": [0.2851111111111111, 0.5001777777777778, 0.6433555555555556, 0.7240222222222222, 0.7790666666666667, 0.8098, 0.8312666666666667, 0.848, 0.8666666666666667, 0.8785111111111111, 0.8878222222222222, 0.9003111111111111, 0.9107333333333333, 0.9212, 0.9298666666666666, 0.9383111111111111, 0.9489777777777778, 0.9574888888888888, 0.9642, 0.9709111111111111, 0.9763111111111111, 0.9808, 0.9832, 0.987, 0.9876], ""val_acc"": [0.3662, 0.5804, 0.699, 0.717, 0.7476, 0.776, 0.7926, 0.8088, 0.8416, 0.8622, 0.8376, 0.859, 0.8818, 0.8908, 0.9002, 0.9036, 0.9048, 0.9082, 0.9134, 0.919, 0.9198, 0.9228, 0.9254, 0.9254, 0.9256]}",cuda,NVIDIA A100-SXM4-40GB
C7,resnet18,crop_flip,adamw,2,0.001,0.0005,128,25,25,False,25,0.28020854158401487,153.09281015396118,11173962,0.29987140760421754,0.9208,0.9208465857716155,"{""airplane"": 0.9030710172744721, ""automobile"": 0.9611553784860558, ""bird"": 0.9028629856850716, ""cat"": 0.8246305418719212, ""deer"": 0.9143700787401575, ""dog"": 0.8808553971486762, ""frog"": 0.9477911646586346, ""horse"": 0.9497991967871486, ""ship"": 0.9712230215827338, ""truck"": 0.9549098196392786}","{""airplane"": 0.941, ""automobile"": 0.965, ""bird"": 0.883, ""cat"": 0.837, ""deer"": 0.929, ""dog"": 0.865, ""frog"": 0.944, ""horse"": 0.946, ""ship"": 0.945, ""truck"": 0.953}","{""airplane"": 0.921645445641528, ""automobile"": 0.9630738522954092, ""bird"": 0.8928210313447927, ""cat"": 0.8307692307692308, ""deer"": 0.9216269841269841, ""dog"": 0.8728557013118062, ""frog"": 0.9458917835671342, ""horse"": 0.9478957915831663, ""ship"": 0.9579320831221491, ""truck"": 0.953953953953954}","[[941, 7, 18, 10, 4, 1, 2, 1, 12, 4], [8, 965, 1, 3, 0, 0, 0, 0, 2, 21], [22, 0, 883, 23, 20, 15, 22, 11, 2, 2], [9, 1, 18, 837, 24, 75, 18, 9, 5, 4], [6, 1, 20, 18, 929, 6, 5, 14, 0, 1], [6, 0, 11, 86, 16, 865, 2, 14, 0, 0], [4, 1, 19, 20, 6, 3, 944, 1, 1, 1], [5, 0, 5, 10, 15, 17, 0, 946, 0, 2], [27, 7, 2, 5, 2, 0, 2, 0, 945, 10], [14, 22, 1, 3, 0, 0, 1, 0, 6, 953]]","{""train_loss"": [1.9451104275173612, 1.3606543334960937, 0.9971558888965183, 0.7931536117553711, 0.6373357219325172, 0.5512307893647088, 0.4814104628668891, 0.43665649885601465, 0.3895314392460717, 0.3518970010704464, 0.3182389679749807, 0.28337403151194257, 0.2571136272271474, 0.22906917895740933, 0.20358438541094462, 0.17326153500609928, 0.1488212691532241, 0.12471802949905396, 0.10213589186138577, 0.0808129602683915, 0.06737085858517224, 0.055387948649459416, 0.0475871105339792, 0.04279873952070872, 0.03862286559210883], ""val_loss"": [1.6791935546875, 1.1436210220336913, 0.8656861068725586, 0.7958452913284302, 0.6957365491867066, 0.8642657531738281, 0.5466206048965454, 0.5246198313713074, 0.41312753534317015, 0.46383963212966917, 0.4264355916023254, 0.42120689058303834, 0.40924885454177856, 0.3968872381210327, 0.35732700233459475, 0.3255494842529297, 0.3653590530395508, 0.2976527837753296, 0.3015974778652191, 0.28824524722099304, 0.28842911262512205, 0.2894325212955475, 0.28236248159408567, 0.28118799839019776, 0.28020854158401487], ""train_acc"": [0.2816444444444444, 0.4999111111111111, 0.6450666666666667, 0.7222, 0.7774888888888889, 0.809, 0.8323333333333334, 0.8499555555555556, 0.8663333333333333, 0.8785555555555555, 0.8891555555555556, 0.9032444444444444, 0.911, 0.9215111111111111, 0.9280666666666667, 0.9396, 0.9483777777777778, 0.9562222222222222, 0.9642222222222222, 0.9726222222222223, 0.9767111111111111, 0.9812444444444445, 0.9844222222222222, 0.9863333333333333, 0.9871333333333333], ""val_acc"": [0.3772, 0.5872, 0.6992, 0.7342, 0.7726, 0.7296, 0.8148, 0.8204, 0.8596, 0.8518, 0.8602, 0.8608, 0.8692, 0.8734, 0.8862, 0.8992, 0.8896, 0.9122, 0.9116, 0.9188, 0.9196, 0.9236, 0.9254, 0.9262, 0.9256]}",cuda,NVIDIA A100-SXM4-40GB
