optimizer,seed,lr,weight_decay,best_epoch,best_val_loss,best_val_acc,train_time_seconds,history
sgd,0,0.05,0.0005,24,0.2448221080303192,0.9288,152.71273946762085,"{""train_loss"": [1.5818547186321683, 0.99786428727044, 0.7759643359926012, 0.6410653500556945, 0.5593146450254652, 0.5046372958024343, 0.455435414897071, 0.4073691269768609, 0.3720593187385135, 0.3416062398168776, 0.31125708235634697, 0.28408737706078424, 0.2551981897936927, 0.2303481993648741, 0.205529707452986, 0.17754548201825884, 0.1511821704228719, 0.12562031548950406, 0.10165403852992588, 0.08029841810067495, 0.06178091006543901, 0.05059557221333186, 0.040854292211267684, 0.03704451900521914, 0.03329957943161329], ""val_loss"": [1.5335826904296874, 0.9990191482543945, 0.8216322343826294, 0.6990640933036805, 0.6000448593139649, 0.6146684729576111, 0.6640227596282959, 0.5935232034683228, 0.5195667657852173, 0.5230963845729828, 0.3629701659679413, 0.3780764319419861, 0.4027307550430298, 0.4024533063173294, 0.34905029926300046, 0.31684497065544126, 0.2709187497138977, 0.2924831292152405, 0.28793468277454376, 0.26113746452331543, 0.25518846139907836, 0.24876214847564698, 0.2503911606788635, 0.2448221080303192, 0.24813353481292724], ""train_acc"": [0.4313111111111111, 0.6441555555555556, 0.7274888888888889, 0.7762666666666667, 0.8066222222222222, 0.8250222222222222, 0.8431111111111111, 0.8589333333333333, 0.8725555555555555, 0.8817555555555555, 0.8922666666666667, 0.9010222222222222, 0.9105555555555556, 0.9196444444444445, 0.9290444444444445, 0.9391111111111111, 0.9478888888888889, 0.9561777777777778, 0.9653333333333334, 0.974, 0.98, 0.9847555555555556, 0.9879111111111111, 0.9896222222222222, 0.9908444444444444], ""val_acc"": [0.4672, 0.6538, 0.7182, 0.7634, 0.7932, 0.7854, 0.7848, 0.8106, 0.8328, 0.8326, 0.8756, 0.8736, 0.8716, 0.869, 0.8852, 0.891, 0.9116, 0.9108, 0.9132, 0.9214, 0.924, 0.9252, 0.9268, 0.9288, 0.9276]}"
sgd,0,0.1,0.0005,24,0.21993590309619904,0.9312,153.28190231323242,"{""train_loss"": [2.119894037543403, 1.52453900358412, 1.2798357414457533, 1.0185486448817782, 0.8203811421712239, 0.6872288622962104, 0.6044395517985026, 0.5433286287519666, 0.5010079198943244, 0.4594215431637234, 0.4304560209910075, 0.3980740884780884, 0.36352327751583524, 0.33907810786565146, 0.30138008545769585, 0.27150106941594015, 0.24138119241396586, 0.20445411918428208, 0.176947947745853, 0.13962757683197657, 0.10794981566270193, 0.08477500712606642, 0.06717124705712, 0.05480433507031865, 0.04947734396192763], ""val_loss"": [1.626734765625, 1.4196035766601562, 1.1516921905517579, 0.9834445571899414, 1.337164302635193, 0.9220557416915893, 0.6285976293563843, 0.8145009021759033, 0.8886585357666016, 0.5068675033569336, 0.4580693798065186, 0.4350332769870758, 0.5406727938175201, 0.4010987010002136, 0.4227813292980194, 0.34942614872455596, 0.34720560007095336, 0.30718137907981874, 0.31350784392356873, 0.2876348435878754, 0.24618222115039826, 0.2337523363828659, 0.2273673496723175, 0.21993590309619904, 0.22338432240486145], ""train_acc"": [0.26493333333333335, 0.436, 0.5347555555555555, 0.6375333333333333, 0.7102222222222222, 0.7606444444444445, 0.7898, 0.8127333333333333, 0.8272444444444444, 0.8423333333333334, 0.8517777777777777, 0.8626444444444444, 0.8739111111111111, 0.8826666666666667, 0.8965333333333333, 0.9059111111111111, 0.9166222222222222, 0.9298666666666666, 0.9395111111111111, 0.9516888888888889, 0.9634, 0.9721111111111111, 0.9783333333333334, 0.9835555555555555, 0.9850444444444444], ""val_acc"": [0.3984, 0.4636, 0.589, 0.663, 0.592, 0.6966, 0.7784, 0.7416, 0.7238, 0.829, 0.8408, 0.8504, 0.812, 0.8604, 0.8636, 0.877, 0.8836, 0.8978, 0.8948, 0.9066, 0.9218, 0.9256, 0.9278, 0.9312, 0.9318]}"
sgd,0,0.2,0.0005,25,0.23442644367218018,0.928,151.777174949646,"{""train_loss"": [2.330073635503981, 1.7245641385184394, 1.4311221401638454, 1.14476687312656, 0.9706064197116427, 0.8345610739707947, 0.7344327296151055, 0.6617239183108012, 0.6182915453275045, 0.5749809954749213, 0.5428030177116394, 0.5083797082795037, 0.46937345631917315, 0.4443293405956692, 0.4037051777839661, 0.37734491214752197, 0.33528442822032506, 0.3038798339737786, 0.2584760004255507, 0.22000145896275838, 0.1768043182267083, 0.1450899862130483, 0.10842150654262966, 0.0902971076193783, 0.0764709251973364], ""val_loss"": [1.9716611328125, 1.648379705810547, 1.2608115447998047, 1.522922103881836, 1.683322526550293, 1.290782855987549, 0.8078926139831543, 0.9669918405532837, 0.9083907728195191, 0.7074004739761353, 0.6080133695602417, 0.6433481647491455, 0.7166536511421203, 0.5545894154548645, 0.6668333206176758, 0.44342769136428833, 0.4639630403518677, 0.41067523169517517, 0.38849348592758176, 0.3376772044181824, 0.2919480745315552, 0.2722287615776062, 0.24812559213638305, 0.2359467408180237, 0.23442644367218018], ""train_acc"": [0.19986666666666666, 0.35075555555555554, 0.4736222222222222, 0.5915555555555555, 0.6576222222222222, 0.7096888888888889, 0.7443777777777778, 0.7717555555555555, 0.7874666666666666, 0.8034222222222223, 0.8135333333333333, 0.8250666666666666, 0.8389333333333333, 0.8476444444444444, 0.8618, 0.8698888888888889, 0.8850222222222223, 0.8954444444444445, 0.911, 0.9241111111111111, 0.9387555555555556, 0.9499555555555556, 0.9642, 0.9700666666666666, 0.9758444444444444], ""val_acc"": [0.2408, 0.3952, 0.5404, 0.5106, 0.5116, 0.6002, 0.7206, 0.685, 0.7062, 0.7692, 0.7998, 0.7946, 0.7742, 0.8126, 0.7848, 0.8478, 0.8466, 0.8638, 0.8714, 0.891, 0.9024, 0.912, 0.9212, 0.9266, 0.928]}"
adam,0,0.0003,0.0005,24,0.30178917388916016,0.9112,152.97016525268555,"{""train_loss"": [1.397711536693573, 0.9677986803160773, 0.766445368332333, 0.6574372568130493, 0.5801502789391412, 0.5326808077229394, 0.48719953152338663, 0.43882876822153727, 0.4098022923575507, 0.37410380954742434, 0.3450227883338928, 0.3143511389838325, 0.2846882109377119, 0.2604602423402998, 0.22993176673253377, 0.20510209863185883, 0.17672713269657558, 0.15199590889612832, 0.13366325613392724, 0.11399698409504361, 0.09450353297789892, 0.08100830985969967, 0.0719356932275825, 0.06926062550610966, 0.06339747445782026], ""val_loss"": [1.1242797637939452, 1.1058731506347657, 0.79083091506958, 0.6835604548454285, 0.7961454208374024, 0.6671727582931518, 0.5592164772033691, 0.5724036417007446, 0.5508178565979004, 0.9895682651519775, 0.46732941522598265, 0.4636069632291794, 0.4368003650665283, 0.36018189673423767, 0.36978939743041994, 0.32946054162979127, 0.36176734075546263, 0.369299534034729, 0.3140901519775391, 0.3251240333557129, 0.31301567869186403, 0.31595762333869937, 0.3034936086654663, 0.30178917388916016, 0.30415210309028623], ""train_acc"": [0.4875111111111111, 0.6546222222222222, 0.732, 0.7701777777777777, 0.7975333333333333, 0.8162222222222222, 0.8322888888888889, 0.8486444444444444, 0.8586, 0.8707777777777778, 0.8806666666666667, 0.8939111111111111, 0.9026444444444445, 0.9110222222222222, 0.9214, 0.93, 0.9406, 0.9484888888888889, 0.9540888888888889, 0.9626444444444444, 0.9694, 0.9737333333333333, 0.9768888888888889, 0.9781555555555556, 0.9805333333333334], ""val_acc"": [0.5988, 0.632, 0.732, 0.7646, 0.734, 0.784, 0.8116, 0.8094, 0.819, 0.723, 0.8464, 0.8462, 0.8592, 0.8796, 0.8736, 0.888, 0.8844, 0.8856, 0.8968, 0.8996, 0.9058, 0.9044, 0.9094, 0.9112, 0.9086]}"
adam,0,0.001,0.0005,24,0.2562056894302368,0.9246,155.35226154327393,"{""train_loss"": [1.3842452334509956, 0.9557006091541714, 0.7921937065548367, 0.6907110927475824, 0.6201129465844896, 0.5709132887522379, 0.5264735923343234, 0.47430708338419597, 0.4385921862602234, 0.4001718715985616, 0.3747835679372152, 0.33945567908816865, 0.3150618488364749, 0.2851005388180415, 0.253997887245814, 0.224666659339269, 0.1991740036169688, 0.16687631516986423, 0.1430635725683636, 0.11847714808517032, 0.09619742452303569, 0.08204943644735548, 0.06885547144148085, 0.062105793067150646, 0.05843641422655847], ""val_loss"": [1.3488253295898438, 1.0018073165893555, 0.8062778747558593, 0.691267578125, 0.791842561340332, 0.7925712949752808, 0.6216333580017089, 0.6701818044662475, 0.5241513864517212, 0.8317163594245911, 0.43205645360946654, 0.44438920764923096, 0.41378798751831053, 0.40226021370887755, 0.355786537361145, 0.3430256118774414, 0.29502763776779173, 0.3026585429906845, 0.29234148688316347, 0.2767888328075409, 0.28031801459789274, 0.266198978805542, 0.2589593415260315, 0.2562056894302368, 0.2604684513092041], ""train_acc"": [0.49344444444444446, 0.6606, 0.7232666666666666, 0.7594888888888889, 0.7874666666666666, 0.8044666666666667, 0.8221555555555555, 0.8382, 0.8510444444444445, 0.8640888888888889, 0.8721777777777778, 0.8849777777777778, 0.8927777777777778, 0.9022222222222223, 0.9132444444444444, 0.9243555555555556, 0.9322444444444444, 0.9434444444444444, 0.9517333333333333, 0.9604666666666667, 0.9681555555555555, 0.9735111111111111, 0.9784, 0.9805333333333334, 0.9818], ""val_acc"": [0.5352, 0.6448, 0.7134, 0.765, 0.7368, 0.7424, 0.7934, 0.7896, 0.8286, 0.7514, 0.8512, 0.85, 0.8684, 0.8646, 0.8796, 0.8868, 0.9002, 0.904, 0.9118, 0.9152, 0.9166, 0.9206, 0.9232, 0.9246, 0.9258]}"
adam,0,0.003,0.0005,24,0.3027627480506897,0.9014,154.9844753742218,"{""train_loss"": [1.6101630034764607, 1.2074713459438748, 1.0401380939907499, 0.8792841668340895, 0.7627441136784023, 0.6953161389986674, 0.6427733956866795, 0.5937031897173988, 0.554906327618493, 0.5262540924496121, 0.5003940088907878, 0.4687603189998203, 0.4439675339592828, 0.4166167840162913, 0.3846407425562541, 0.3575029207229614, 0.33260639654795326, 0.30193259767956204, 0.2784328144020504, 0.2547917812347412, 0.2263118921385871, 0.20720455984539457, 0.18956446935335794, 0.1830542603664928, 0.17647404913902281], ""val_loss"": [1.7551094604492188, 1.9632331558227538, 1.2042105773925782, 0.9954144714355468, 0.8010460220336914, 0.8314056430816651, 0.8341931121826172, 0.7136952812194824, 0.6534664392471313, 0.793347175693512, 0.5748854400634765, 0.5097496599197388, 0.4761054208755493, 0.5039289264678956, 0.5296561262130738, 0.4535330911159515, 0.3949363621711731, 0.38005851697921755, 0.35741645250320436, 0.33511303391456604, 0.3227867980003357, 0.31956482372283934, 0.30452106227874753, 0.3027627480506897, 0.30613329553604124], ""train_acc"": [0.40602222222222223, 0.5618666666666666, 0.6285555555555555, 0.6874888888888889, 0.7353333333333333, 0.7617777777777778, 0.7777111111111111, 0.7956444444444445, 0.8106, 0.8199111111111111, 0.8291111111111111, 0.8391111111111111, 0.8485555555555555, 0.8569777777777777, 0.8672222222222222, 0.8778666666666667, 0.8850444444444444, 0.8960666666666667, 0.9051333333333333, 0.9129111111111111, 0.9225777777777778, 0.9292, 0.9357111111111112, 0.9385333333333333, 0.9410666666666667], ""val_acc"": [0.4064, 0.4134, 0.5834, 0.6444, 0.7282, 0.7282, 0.7298, 0.7606, 0.773, 0.7546, 0.8046, 0.824, 0.839, 0.8352, 0.8256, 0.8486, 0.872, 0.873, 0.8816, 0.8912, 0.8912, 0.8942, 0.9006, 0.9014, 0.9]}"
adamw,0,0.0003,0.0005,23,0.3253211088180542,0.9046,154.22559881210327,"{""train_loss"": [1.3957860504044426, 0.9626582484775119, 0.7561180556827122, 0.6388530864927504, 0.5591055566151937, 0.5043935616599189, 0.4519665811273787, 0.40636549383534326, 0.3734880994107988, 0.33716668440500897, 0.3073894987053341, 0.2775740503602558, 0.2522656638436847, 0.22495125322871737, 0.19858689541286892, 0.17960198761092291, 0.15599839447869196, 0.13680632099178103, 0.12087113990121418, 0.10678683395120833, 0.09083071848286522, 0.08576797121365864, 0.07814969927867253, 0.07505780323876275, 0.07256074683003956], ""val_loss"": [1.208522055053711, 1.1194601089477538, 0.7450919982910156, 0.6451279863357544, 0.6529950748443604, 0.5562858752250671, 0.537946861743927, 0.47208566780090333, 0.5979813591003418, 0.5612380281448365, 0.41978001012802124, 0.4083036771774292, 0.38574744515419007, 0.34702777223587034, 0.3785062401294708, 0.35046870651245116, 0.35160551347732544, 0.3422021686553955, 0.34039733567237856, 0.3279804021835327, 0.32913826084136966, 0.33130195417404174, 0.3253211088180542, 0.3255332845687866, 0.32710950021743773], ""train_acc"": [0.48777777777777775, 0.6566666666666666, 0.7354666666666667, 0.7792444444444444, 0.8039777777777778, 0.8249555555555556, 0.8441111111111111, 0.8588, 0.8696444444444444, 0.8825333333333333, 0.8939111111111111, 0.9048, 0.9114, 0.9216444444444445, 0.9312, 0.9371111111111111, 0.9467555555555556, 0.9526666666666667, 0.9584888888888888, 0.9632222222222222, 0.9699111111111111, 0.9716888888888889, 0.9745777777777778, 0.9755333333333334, 0.9764], ""val_acc"": [0.5668, 0.6172, 0.7436, 0.7794, 0.7778, 0.8092, 0.8238, 0.8394, 0.812, 0.8192, 0.857, 0.864, 0.8766, 0.8884, 0.8766, 0.8922, 0.8924, 0.8906, 0.8946, 0.8986, 0.9034, 0.9036, 0.9046, 0.9044, 0.9048]}"
adamw,0,0.001,0.0005,24,0.30007199783325195,0.922,154.017085313797,"{""train_loss"": [1.3690235379007127, 0.9125752451260885, 0.719364951716529, 0.5990721309767829, 0.5246346616109212, 0.4669610364225176, 0.4162844465997484, 0.369763432402081, 0.3331879569265577, 0.29740976157718235, 0.270467369000117, 0.23933622580104405, 0.2158877756383684, 0.190298909690645, 0.16196127796173096, 0.14447642631928126, 0.12198732579019335, 0.0995336630264918, 0.08518852546215057, 0.07010981608231863, 0.05788775732252333, 0.05049216125276353, 0.04524850546518962, 0.04072587516970105, 0.03994058882759677], ""val_loss"": [1.4433579223632813, 0.8868433059692383, 0.6806774560928345, 0.7175641363143921, 0.5902644207000732, 0.5775131284713745, 0.4421662603378296, 0.47037626075744626, 0.4812142430782318, 0.419892995929718, 0.37623052091598513, 0.3743074630737305, 0.37477167601585387, 0.36547292799949643, 0.3411080621242523, 0.3264686008453369, 0.3191514103889465, 0.31048387823104856, 0.30145466585159303, 0.30309900007247925, 0.30377725257873534, 0.30711936664581296, 0.30297319688797, 0.30007199783325195, 0.3034042116165161], ""train_acc"": [0.4993111111111111, 0.6756444444444445, 0.7478222222222223, 0.7902666666666667, 0.8198444444444445, 0.8366888888888889, 0.8559555555555556, 0.8713333333333333, 0.8846222222222222, 0.8970222222222223, 0.9065555555555556, 0.9173555555555556, 0.9246666666666666, 0.9323555555555556, 0.9436888888888889, 0.9489333333333333, 0.9573333333333334, 0.9658222222222222, 0.9705777777777778, 0.9763777777777778, 0.9799777777777777, 0.9822888888888889, 0.9844888888888889, 0.9868222222222223, 0.9868222222222223], ""val_acc"": [0.5258, 0.6912, 0.7588, 0.755, 0.8044, 0.8122, 0.8482, 0.849, 0.8456, 0.8676, 0.8764, 0.8772, 0.8822, 0.8884, 0.8972, 0.9056, 0.9054, 0.9138, 0.917, 0.9166, 0.9194, 0.9194, 0.9234, 0.922, 0.9214]}"
adamw,0,0.003,0.0005,17,0.31220017137527467,0.9082,154.12147617340088,"{""train_loss"": [1.5481726302252876, 1.0594394511752658, 0.8483817981508043, 0.6958521554311117, 0.5939691298378839, 0.5217190142949423, 0.45816979435814753, 0.41008464007377626, 0.36545617118941415, 0.32732914481692843, 0.2947153648853302, 0.2614684327628877, 0.2336523270448049, 0.20776208619276681, 0.175964253727595, 0.15428916929297978, 0.12851054934395684, 0.10726085879802703, 0.08993972114854389, 0.07339308508502113, 0.05803716223769718, 0.05199670087297757, 0.04417582736545139, 0.04093653004268805, 0.037541127046611576], ""val_loss"": [1.7270520874023438, 0.9723776287078857, 0.9494905288696289, 0.6979038437843322, 0.6121497134208679, 0.6661888904571533, 0.5529140551567078, 0.478968271446228, 0.5304307639122009, 0.5477627304077148, 0.36318607444763185, 0.36286729226112363, 0.35267648243904115, 0.319131494140625, 0.333813564991951, 0.34483463690280913, 0.31220017137527467, 0.32547618777751924, 0.33486978726387023, 0.32426858401298525, 0.3358839607000351, 0.34045320374965665, 0.3380269289970398, 0.3303309588432312, 0.3351382944107056], ""train_acc"": [0.4304, 0.6194, 0.6982666666666667, 0.7558666666666667, 0.7911777777777778, 0.8198, 0.8406444444444444, 0.8580222222222222, 0.8725777777777778, 0.8851111111111111, 0.8984, 0.9090222222222222, 0.9176444444444445, 0.9274888888888889, 0.9379333333333333, 0.9474666666666667, 0.9547777777777777, 0.9625333333333334, 0.9690666666666666, 0.9742666666666666, 0.9806444444444444, 0.9819777777777777, 0.9851777777777778, 0.9862222222222222, 0.9875555555555555], ""val_acc"": [0.4762, 0.661, 0.684, 0.7616, 0.7888, 0.7848, 0.8148, 0.8404, 0.8294, 0.826, 0.876, 0.879, 0.8898, 0.8988, 0.8982, 0.8988, 0.9082, 0.9048, 0.9124, 0.9174, 0.9144, 0.921, 0.9202, 0.9204, 0.9214]}"
